영업상태명,도로명주소,사업장명,업태구분명,좌표정보(X),좌표정보(Y),카테고리_대,카태고리_소
영업/정상,"서울특별시 강동구 양재대로 1360, 포레온스테이션5 (둔촌동)",GS THE FRESH 둔촌포레온점,구분없음,212195.1099,447197.2733,생활/편의,슈퍼마켓
영업/정상,"서울특별시 강동구 양재대로 1360, 포레온스테이션5 (둔촌동)",하나로마트 둔촌점,구분없음,212195.1099,447197.2733,생활/편의,슈퍼마켓
영업/정상,서울특별시 광진구 광나루로39길 11 (구의동),구의 자이르네 판매시설,그 밖의 대규모점포,207775.8651,449252.3869,생활/편의,그 밖의 대규모점포
영업/정상,"서울특별시 동작구 만양로 93, 주영빌딩 B1층 (노량진동)",GS THE FRESH 노량진역점,구분없음,194984.4173,445509.9798,생활/편의,슈퍼마켓
영업/정상,서울특별시 강북구 삼양로79길 24-17 (수유동),GS THE FRESH 수유중앙점,구분없음,201357.4874,458750.3902,생활/편의,슈퍼마켓
영업/정상,서울특별시 광진구 능동로13길 39 (화양동),(주)지에스리테일GS수퍼 광진화양점,구분없음,206107.7752,449029.3422,생활/편의,슈퍼마켓
영업/정상,"서울특별시 성동구 마장로 137, 221동 1층 1230호,1231호,1232(일부)호 (상왕십리동, 텐즈힐)",GS THE FRESH 성동텐즈힐점,구분없음,202113.8696,451897.5819,생활/편의,슈퍼마켓
영업/정상,"서울특별시 용산구 이촌로 200, LG프라자 지하1층 (이촌동)",GS THE FRESH 용산이촌점,구분없음,197221.4393,446524.5084,생활/편의,슈퍼마켓
영업/정상,"서울특별시 송파구 동남로 189 (가락동, 쌍용아파트)",(주)지에스리테일 송파점,구분없음,211259.9098,443711.7029,생활/편의,슈퍼마켓
영업/정상,"서울특별시 서대문구 이화여대길 50-12, 상가동 1층 101호 (대현동, 신촌럭키아파트)",GS THE FRESH 신촌이대역점,그 밖의 대규모점포,195332.1234,450806.0584,생활/편의,슈퍼마켓
영업/정상,"서울특별시 서대문구 거북골로 100, 지하3층 32,33,34,35호 (남가좌동, 래미안 루센티아)",GS THE FRESH 남가좌디엠씨점,구분없음,192641.1459,452652.0599,생활/편의,슈퍼마켓
영업/정상,"서울특별시 송파구 거마로 56(거여동, 송파시그니처롯데캐슬)",GS THE FRESH 송파시그니처점,구분없음,213149.5228,443705.4731,생활/편의,슈퍼마켓
영업/정상,"서울특별시 성북구 보문로 121, 신한은행보문동지점 1층 일부 (보문동2가)",GS더프레시 보문역사거리점,구분없음,201572.0413,453729.4578,생활/편의,슈퍼마켓
영업/정상,서울특별시 서초구 동광로 35 (방배동),GS THE FRESH 방배중앙점,구분없음,198748.2714,443257.3135,생활/편의,슈퍼마켓
영업/정상,"서울특별시 용산구 백범로 341 (원효로1가, 리첸시아 용산)",롯데쇼핑(주)롯데슈퍼원효로점,복합쇼핑몰,197045.8495,448447.559,생활/편의,복합쇼핑몰
영업/정상,서울특별시 송파구 중대로 80 (문정동),롯데쇼핑(주)롯데마트 송파점,대형마트,210343.6993,443288.285,생활/편의,대형마트
영업/정상,"서울특별시 송파구 올림픽로35길 45, 잠실래미안아이파크 단지내 상가 B101~B106호 (신천동)",GS THE FRESH 잠실래미안점,구분없음,209720.2906,446244.3504,생활/편의,슈퍼마켓
영업/정상,"서울특별시 성동구 독서당로 223, 래미안 옥수 리버젠 상가 상가동 423~428호 (옥수동)",GS THE FRESH 성동옥수점,구분없음,201153.9816,449188.9705,생활/편의,슈퍼마켓
영업/정상,서울특별시 강동구 고덕로 133 (암사동),(주)지에스리테일 암사캐슬점,구분없음,212334.9585,450346.7907,생활/편의,슈퍼마켓
영업/정상,서울특별시 강남구 도산대로85길 30 (청담동),신원아침도시마인상가,그 밖의 대규모점포,204320.6332,447133.6585,생활/편의,그 밖의 대규모점포
영업/정상,"서울특별시 강남구 언주로122길 25 (논현동, 두산위브아파트)",롯데슈퍼 논현점,구분없음,203322.586,445590.729,생활/편의,슈퍼마켓
영업/정상,"서울특별시 송파구 올림픽로32길 53, 1층 (방이동)",GS THE FRESH 송파나루역점,구분없음,209841.1068,445595.1259,생활/편의,슈퍼마켓
영업/정상,"서울특별시 송파구 올림픽로 435 (신천동, 파크리오아파트)",(주)지에스리테일 잠실파크리오점,구분없음,209314.26,446483.3161,생활/편의,슈퍼마켓
영업/정상,서울특별시 송파구 오금로46길 49 (가락동),(주)지에스리테일 송파가락점,구분없음,211693.9328,443503.4279,생활/편의,슈퍼마켓
영업/정상,"서울특별시 노원구 동일로192길 23, 1층 (공릉동)",GS THE FRESH 공릉역점,구분없음,206477.0844,458222.1874,생활/편의,슈퍼마켓
영업/정상,서울특별시 영등포구 선유동1로 9-7 (양평동1가),양남시장정비사업,그 밖의 대규모점포,190307.5283,446742.5563,생활/편의,그 밖의 대규모점포
영업/정상,"서울특별시 강남구 강남대로128길 20, 영동프라자 (논현동)",GS THE FRESH 강남영동점,구분없음,202023.3952,445302.9159,생활/편의,슈퍼마켓
영업/정상,서울특별시 강남구 봉은사로103길 5 (삼성동),롯데슈퍼 코엑스점,구분없음,205359.8987,445864.8059,생활/편의,슈퍼마켓
영업/정상,"서울특별시 성북구 북악산로 844 (돈암동, 돈암이수브라운스톤아파트)",GS더프레시 성북돈암점,구분없음,201501.4745,455061.6986,생활/편의,슈퍼마켓
영업/정상,"서울특별시 성북구 성북로4길 52 (돈암동, 한진아파트)",GS더프레시 동소문점,구분없음,200841.727,454721.5052,생활/편의,슈퍼마켓
영업/정상,서울특별시 노원구 동일로 1414 (상계동),롯데백화점 노원점,복합쇼핑몰,205320.2848,461419.8818,생활/편의,복합쇼핑몰
영업/정상,서울특별시 송파구 강동대로9길 20 (풍납동),롯데쇼핑(주)롯데슈퍼풍납점,구분없음,210274.1855,447307.6498,생활/편의,슈퍼마켓
영업/정상,"서울특별시 강서구 마곡서1로 115-1, 마곡헤리움1차 111~114호 (마곡동)",GS THE FRESH 신방화역점,구분없음,183901.2099,451618.9374,생활/편의,슈퍼마켓
영업/정상,서울특별시 강북구 삼양로27길 35-21 (미아동),㈜지에스리테일 GS수퍼 강북미아점,구분없음,201602.5775,457290.1007,생활/편의,슈퍼마켓
영업/정상,"서울특별시 용산구 회나무로13길 20-4, 일각빌딩 1층 (이태원동)",이마트에브리데이 이태원점,구분없음,199034.5807,448669.4747,생활/편의,슈퍼마켓
영업/정상,서울특별시 중구 명동8나길 38 (충무로1가),Chapter M,그 밖의 대규모점포,198403.0832,451049.0124,생활/편의,그 밖의 대규모점포
영업/정상,"서울특별시 강서구 허준로 16-12, 동남빌딩 (가양동)",㈜이마트에브리데이 양천향교역점,구분없음,186080.902,451971.1787,생활/편의,슈퍼마켓
영업/정상,"서울특별시 종로구 삼일대로 428, 낙원상가 506호 (낙원동)",낙원상가,그 밖의 대규모점포,198838.913,452214.211,생활/편의,그 밖의 대규모점포
영업/정상,"서울특별시 강동구 고덕로 353, 고덕그라시움아파트(상가1동) 지하1층 108-119,128호 (고덕동)",지에스 더프레시(GS THE FRESH) 고덕그라시움점,구분없음,214299.6443,450637.9548,생활/편의,슈퍼마켓
영업/정상,"서울특별시 종로구 삼일대로 428, 낙원상가 (낙원동)",낙원상가,그 밖의 대규모점포,198838.913,452214.211,생활/편의,그 밖의 대규모점포
영업/정상,"서울특별시 관악구 은천로 81 (봉천동, 은천빌딩)",GS THE FRESH 관악봉천점,구분없음,195007.9876,442765.647,생활/편의,슈퍼마켓
영업/정상,"서울특별시 광진구 자양로18길 33, 1층 (구의동)",GS THE FRESH 구의역점,대형마트,207475.7422,448425.5283,생활/편의,대형마트
영업/정상,"서울특별시 동대문구 외대역동로 63-27, 상가동 201~203호 (휘경동, 휘경자이디센시아)",이마트에브리데이 휘경자이점,구분없음,205461.8935,454519.053,생활/편의,슈퍼마켓
영업/정상,서울특별시 양천로6길 15,롯데쇼핑(주)롯데슈퍼개화산점,구분없음,182944.7314,452207.4273,생활/편의,슈퍼마켓
영업/정상,서울특별시 송파구 올림픽로32길 20 (방이동),롯데쇼핑(주)롯데슈퍼방이점,구분없음,209576.622,445779.101,생활/편의,슈퍼마켓
영업/정상,서울특별시 마포구 월드컵로 235 (성산동),마포농수산물시장,그 밖의 대규모점포,190931.0009,451427.7221,생활/편의,그 밖의 대규모점포
영업/정상,서울특별시 강서구 화곡로 153 (화곡동),홈플러스(주) 익스프레스 화곡점,구분없음,185681.1227,448813.4416,생활/편의,슈퍼마켓
영업/정상,"서울특별시 강동구 양재대로 1300 (둔촌동, 올림픽파크포레온)",올림픽파크포레온 스테이션9,그 밖의 대규모점포,212027.4812,446598.5918,생활/편의,그 밖의 대규모점포
영업/정상,"서울특별시 영등포구 양산로23길 16, 당산 임대주택 106~108호 (당산동3가)",GS THE FRESH 영등포구청역점,구분없음,190934.6574,447004.1866,생활/편의,슈퍼마켓
영업/정상,"서울특별시 강동구 양재대로 1360, 포레온스테이션5 (둔촌동)",올림픽파크포레온 스테이션5,그 밖의 대규모점포,212195.1099,447197.2733,생활/편의,그 밖의 대규모점포
영업/정상,"서울특별시 강북구 도봉로67길 18, 수유시장 1층 (수유동)",(주)이마트에브리데이 수유시장점,구분없음,201956.181,458714.3658,생활/편의,슈퍼마켓
영업/정상,서울특별시 강서구 공항대로61길 36 (염창동),GS THE FRESH 강서등촌역점,구분없음,188106.9454,450022.4706,생활/편의,슈퍼마켓
영업/정상,서울특별시 종로구 창경궁로 88 (예지동),광장시장,복합쇼핑몰,199837.4143,451974.1285,생활/편의,복합쇼핑몰
영업/정상,서울특별시 종로구 종로 347 (숭인동),홈플러스(주)익스프레스 숭인점,구분없음,201359.5335,452395.6591,생활/편의,슈퍼마켓
영업/정상,"서울특별시 종로구 종로 266, 동대문종합시장D동상가  동 (종로6가)",동대문종합시장D동상가,그 밖의 대규모점포,200579.4098,452035.3477,생활/편의,그 밖의 대규모점포
영업/정상,서울특별시 종로구 청계천로 41 (서린동),(주)영풍문고,전문점,198351.8187,451921.603,생활/편의,전문점
영업/정상,"서울특별시 종로구 종로 183 (인의동, 효성주얼리시티)",효성주얼리시티,그 밖의 대규모점포,199812.6096,452132.6483,생활/편의,그 밖의 대규모점포
영업/정상,"서울특별시 종로구 지봉로 81 (창신동, 브라운스톤 창신)",브라운스톤 창신상가,그 밖의 대규모점포,201258.0627,452787.1328,생활/편의,그 밖의 대규모점포
영업/정상,"서울특별시 광진구 천호대로 577, 1층 (중곡동)",GS THE FRESH 광진중곡점,대형마트,207209.2369,450465.186,생활/편의,대형마트
영업/정상,서울특별시 종로구 종로 266 (종로6가),동대문종합시장,그 밖의 대규모점포,200717.749,452011.8651,생활/편의,그 밖의 대규모점포
영업/정상,서울특별시 종로구 종로 1 (종로1가),종로1번지아케이트,전문점,197993.9046,452032.9586,생활/편의,전문점
영업/정상,서울특별시 종로구 종로44길 14 (창신동),동문시장,시장,200936.4291,452017.9436,생활/편의,시장
영업/정상,서울특별시 종로구 창경궁로 109 (인의동),세운스퀘어,그 밖의 대규모점포,199670.9799,452221.775,생활/편의,그 밖의 대규모점포
영업/정상,"서울특별시  새문안로 91, 1층 (고려빌딩)",홈플러스(주)익스프레스 광화문점,복합쇼핑몰,197700.034,452022.5035,생활/편의,복합쇼핑몰
영업/정상,서울특별시 종로구 창경궁로 88,광장주식회사,시장,199837.4143,451974.1285,생활/편의,시장
영업/정상,"서울특별시 종로구 난계로27길 51, 신설종합시장 숭인동 (숭인동)",신설종합시장,시장,201727.6708,452264.4202,생활/편의,시장
영업/정상,"서울특별시 종로구 난계로27길 51, 신설종합시장 (숭인동)",신설종합시장(주),그 밖의 대규모점포,201727.6708,452264.4202,생활/편의,시장
영업/정상,"서울특별시 종로구 통일로 246-10, 무악현대아파트 지하 1층 (무악동)",GS THE FRESH 무악현대점,구분없음,196467.9751,452566.134,생활/편의,슈퍼마켓
영업/정상,서울특별시 중구 동호로37길 20 (방산동),방산종합시장,그 밖의 대규모점포,200002.9527,451823.5325,생활/편의,시장
영업/정상,서울특별시 중구 남대문시장4길 21 (남창동),서울남대문시장,그 밖의 대규모점포,197982.9966,450791.0739,생활/편의,시장
영업/정상,서울특별시 중구 마장로 30 (신당동),팀204,그 밖의 대규모점포,201121.3061,451706.527,생활/편의,그 밖의 대규모점포
영업/정상,"서울특별시 중구 청계천로 260-9 (을지로6가, 통일의류종합상가)",통일상가,그 밖의 대규모점포,200530.3601,451852.1495,생활/편의,그 밖의 대규모점포
영업/정상,서울특별시 중구 퇴계로 217 (충무로4가),진양상가,그 밖의 대규모점포,199571.5995,451124.8514,생활/편의,그 밖의 대규모점포
영업/정상,서울특별시 중구 삼일대로 363 (장교동),상제리제상가,그 밖의 대규모점포,198744.4332,451677.0651,생활/편의,그 밖의 대규모점포
영업/정상,서울특별시 중구 마장로 19 (신당동),(주)에리어식스,그 밖의 대규모점포,200989.6866,451762.2615,생활/편의,그 밖의 대규모점포
영업/정상,서울특별시 중구 다산로 274 (흥인동),우일타운,전문점,201390.6235,451682.9244,생활/편의,전문점
영업/정상,서울특별시 중구 을지로 157 (을지로4가),대림상가,그 밖의 대규모점포,199534.3297,451608.2229,생활/편의,그 밖의 대규모점포
영업/정상,"서울특별시 중구 소공로 63 (충무로1가,신세계백화점건물)",신세계백화점,백화점,198263.9084,450960.763,생활/편의,백화점
영업/정상,서울특별시 중구 마장로1길 28 (신당동),아트프라자,그 밖의 대규모점포,201070.9794,451874.6375,생활/편의,그 밖의 대규모점포
영업/정상,서울특별시 중구 다산로 32 (신당동),남산타운5상가,그 밖의 대규모점포,200750.4551,449638.8243,생활/편의,그 밖의 대규모점포
영업/정상,서울특별시 중구 다산로 32 (신당동),남산타운2상가,그 밖의 대규모점포,200750.4551,449638.8243,생활/편의,그 밖의 대규모점포
영업/정상,서울특별시 중구 퇴계로 123 (충무로2가),하이해리엇,그 밖의 대규모점포,198636.2504,451005.7216,생활/편의,그 밖의 대규모점포
영업/정상,서울특별시 중구 마장로1길 22 (신당동),올레오,쇼핑센터,201040.3526,451852.1426,생활/편의,쇼핑센터
영업/정상,서울특별시 중구 마장로 3 (신당동),맥스타일,전문점,200863.5941,451837.4816,생활/편의,전문점
영업/정상,서울특별시 중구 장충단로13길 20 (을지로6가),통일상가,그 밖의 대규모점포,200613.5103,451817.5154,생활/편의,그 밖의 대규모점포
영업/정상,서울특별시 중구 마장로 13 (신당동),제일평화시장,그 밖의 대규모점포,200938.5281,451798.0031,생활/편의,그 밖의 대규모점포
영업/정상,서울특별시 중구 다산로 32 (신당동),(주)지에스리테일 남산타운점,구분없음,200750.4551,449638.8243,생활/편의,슈퍼마켓
영업/정상,서울특별시 중구 한강대로 405 (봉래동2가),롯데아울렛 서울역점,쇼핑센터,197229.7614,450418.1592,생활/편의,쇼핑센터
영업/정상,서울특별시 중구 한강대로 405 (봉래동2가),롯데아울렛 서울역점,쇼핑센터,197229.7614,450418.1592,생활/편의,쇼핑센터
영업/정상,서울특별시 중구 마장로1길 21 (신당동),(주)광희패션몰,그 밖의 대규모점포,200982.7091,451817.384,생활/편의,그 밖의 대규모점포
영업/정상,서울특별시 중구 을지로 264 (을지로6가),던던 동대문점,쇼핑센터,200548.0388,451497.6266,생활/편의,쇼핑센터
영업/정상,서울특별시 중구 장충단로 275 (을지로6가),두타몰,그 밖의 대규모점포,200703.6256,451836.4583,생활/편의,그 밖의 대규모점포
영업/정상,서울특별시 중구 장충단로 263 (을지로6가),밀리오레,그 밖의 대규모점포,200664.5829,451781.8684,생활/편의,그 밖의 대규모점포
영업/정상,서울특별시 중구 남대문로 30 (남창동),굳앤굳 디자이너월드,그 밖의 대규모점포,198095.7952,450940.1084,생활/편의,그 밖의 대규모점포
영업/정상,서울특별시 중구 장충단로 282-10 (신당동),남평화상가(주),그 밖의 대규모점포,200894.4785,451877.0808,생활/편의,그 밖의 대규모점포
영업/정상,"서울특별시 중구 을지로 30 (소공동, 롯데호텔)",호텔롯데아케이드,그 밖의 대규모점포,198259.6536,451392.1982,생활/편의,그 밖의 대규모점포
영업/정상,서울특별시 중구 마장로 40 (신당동),에이피엠패션몰,그 밖의 대규모점포,201031.4794,451759.2624,생활/편의,그 밖의 대규모점포
영업/정상,"서울특별시 중구 청계천로 160, 세운청계상가 (산림동)",청계상가,그 밖의 대규모점포,199521.2008,451751.4241,생활/편의,그 밖의 대규모점포
영업/정상,서울특별시 중구 장충단로13길 34 (을지로6가),동화상가,그 밖의 대규모점포,200541.6377,451814.4595,생활/편의,그 밖의 대규모점포
영업/정상,서울특별시 중구 을지로45길 62 (신당동),누죤,그 밖의 대규모점포,201058.6788,451656.8111,생활/편의,그 밖의 대규모점포
영업/정상,서울특별시 중구 을지로36길 35 (오장동),중부시장,그 밖의 대규모점포,200092.1659,451408.6993,생활/편의,그 밖의 대규모점포
영업/정상,서울특별시 중구 을지로45길 72 (신당동),디자이너크럽,그 밖의 대규모점포,201091.341,451683.0579,생활/편의,그 밖의 대규모점포
영업/정상,서울특별시 중구 명동8가길 27 (충무로2가),선싸인,그 밖의 대규모점포,198737.5538,451081.8946,생활/편의,그 밖의 대규모점포
영업/정상,서울특별시 중구 마장로1길 18 (신당동),혜양엘리시움,그 밖의 대규모점포,201032.1881,451831.3426,생활/편의,그 밖의 대규모점포
영업/정상,서울특별시 중구 남대문시장8길 7 (남창동),삼익패션타운,그 밖의 대규모점포,198073.0636,450876.7294,생활/편의,그 밖의 대규모점포
영업/정상,서울특별시 중구 소월로 9 (남창동),남정종합상가,그 밖의 대규모점포,197843.8207,450717.3536,생활/편의,그 밖의 대규모점포
영업/정상,"서울특별시 중구 을지로 276 (을지로7가, apMPLACE)",에이피엠플레이스,쇼핑센터,200673.0115,451443.2799,생활/편의,쇼핑센터
영업/정상,서울특별시 중구 다산로 222 (신당동),홈플러스익스프레스 신당점,구분없음,201308.5365,451174.3655,생활/편의,슈퍼마켓
영업/정상,"서울특별시 중구 마장로 22 (신당동, DDP FASHION MALL)",DDP FASHION MALL,그 밖의 대규모점포,200999.3562,451654.4182,생활/편의,그 밖의 대규모점포
영업/정상,서울특별시 중구 퇴계로85길 22 (황학동),서울중앙시장,그 밖의 대규모점포,201680.0675,451610.9622,생활/편의,시장
영업/정상,서울특별시 중구 장충단로 253 (을지로6가),헬로우에이피엠,그 밖의 대규모점포,200649.7767,451689.7852,생활/편의,그 밖의 대규모점포
영업/정상,서울특별시 중구 청계천로 334 (신당동),청평화시장,그 밖의 대규모점포,201250.877,451908.7738,생활/편의,그 밖의 대규모점포
영업/정상,서울특별시 중구 다산로 293 (신당동),디오트,그 밖의 대규모점포,201236.0315,451872.4094,생활/편의,그 밖의 대규모점포
영업/정상,"서울특별시 중구 만리재로 175, 401동 9,10,11호 (만리동2가)",지에스수퍼마켓 중구만리점,구분없음,196697.1169,450217.0951,생활/편의,슈퍼마켓
영업/정상,서울특별시 중구 청계천로 400-0 (황학동),주식회사 이마트 청계천점,대형마트,201823.909,452076.8187,생활/편의,대형마트
영업/정상,서울특별시 중구 청계천로 400 (황학동),베네치아메가몰,그 밖의 대규모점포,201823.909,452076.8187,생활/편의,그 밖의 대규모점포
영업/정상,"서울특별시 중구 명동8길 27 (명동2가, 엠 플라자)",엠플라자(M plaza),쇼핑센터,198619.3882,451135.7403,생활/편의,쇼핑센터
영업/정상,서울특별시 중구  청계천로  274 (을지로6가),평화시장,그 밖의 대규모점포,200644.6738,451908.7,생활/편의,시장
영업/정상,서울특별시 중구 명동길 14 (명동2가),눈스퀘어,그 밖의 대규모점포,198418.7417,451237.1686,생활/편의,그 밖의 대규모점포
영업/정상,서울 중구 남대문로 84,센터포인트 명동,쇼핑센터,198401.7013,451374.3122,생활/편의,쇼핑센터
영업/정상,"서울특별시 중구 장충단로 247 (을지로6가,굿모닝시티쇼핑몰)",굿모닝시티 쇼핑몰,쇼핑센터,200573.6413,451621.0365,생활/편의,쇼핑센터
영업/정상,"서울특별시 용산구 청파로 125, 나진상가 (한강로2가)","나진상가 17,18동",전문점,196873.0016,447960.2062,생활/편의,전문점
영업/정상,"서울특별시 용산구 대사관로34길 26, 허준빌딩 1층 (한남동)",롯데슈퍼 한남점(가맹점),구분없음,200431.1456,447763.4142,생활/편의,슈퍼마켓
영업/정상,서울특별시 한강대로77길 12,롯데프레시 갈월점,구분없음,197443.8818,448884.9576,생활/편의,슈퍼마켓
영업/정상,서울특별시 서초구 효령로 304,국제센터아케이드,그 밖의 대규모점포,197646.514,447909.0707,생활/편의,그 밖의 대규모점포
영업/정상,서울특별시 용산구 청파로 113-12 (한강로2가),(주)전자타운,그 밖의 대규모점포,196775.6399,447984.6345,생활/편의,그 밖의 대규모점포
영업/정상,서울특별시 용산구 한강대로23길 55 (한강로3가),아이파크몰(I PARK MALL),쇼핑센터,196762.0774,447480.0396,생활/편의,쇼핑센터
영업/정상,서울특별시 용산구 한강대로 92 (한강로2가),LS Avenue,그 밖의 대규모점포,197099.3815,447328.5488,생활/편의,그 밖의 대규모점포
영업/정상,"서울특별시 용산구 새창로 181 (한강로2가, 선인상가)",선인상가,전문점,196839.6417,447863.232,생활/편의,전문점
영업/정상,서울특별시 용산구 한강대로23길 55 (한강로3가),아이파크(I PARK)백화점,백화점,196762.0774,447480.0396,생활/편의,백화점
영업/정상,서울특별시 용산구 효창원로 270 (서계동),만리시장,시장,196716.1659,449892.5577,생활/편의,시장
영업/정상,서울 성북구 도봉로 17 이마트미아점,신세계이마트미아점,대형마트,202555.3009,456503.0662,생활/편의,대형마트
영업/정상,서울특별시 용산구 이태원로 179 (이태원동),해밀톤 쇼핑몰,쇼핑센터,199363.5958,448050.9263,생활/편의,쇼핑센터
영업/정상,서울특별시 용산구 청파로 74 (한강로3가),(주)에스와이에스홀딩스,전문점,196370.7464,447841.6988,생활/편의,전문점
영업/정상,"서울특별시 용산구 청파로 109, 나진상가 (한강로3가)",나진산업 주식회사,전문점,196697.0311,447931.1083,생활/편의,전문점
영업/정상,서울특별시 용산구 청파로 77 (원효로3가),원효전자상가,전문점,196385.232,447938.1925,생활/편의,전문점
영업/정상,서울특별시 용산구 이촌로 352 (용산동6가),신동아 쇼핑센터,쇼핑센터,198622.8926,446114.1552,생활/편의,쇼핑센터
영업/정상,서울특별시 용산구 청파로 113-12 (한강로2가),전자타운,전문점,196775.6399,447984.6345,생활/편의,전문점
영업/정상,서울특별시 용산구 이태원로14길 6 (이태원동),이태원시장,시장,199051.1588,447953.6017,생활/편의,시장
영업/정상,"서울특별시 용산구 청파로 100, 12동 2층 (한강로3가)",(주)서부티엔디,전문점,196605.5116,447841.2701,생활/편의,전문점
영업/정상,"서울특별시 용산구 서빙고로 17, 용산해링턴스퀘어 C동 1층 111~115호 (한강로3가)",GS THE FRESH 용산해링턴점,복합쇼핑몰,197056.7289,447077.1263,생활/편의,복합쇼핑몰
영업/정상,"서울특별시 용산구 청파로 109, 나진상가 14동 (한강로3가)",나진전자월드상가,전문점,196697.0311,447931.1083,생활/편의,전문점
영업/정상,"서울특별시 성동구 왕십리로 410, 상가(L)동 지하1층 B102,B103호 (하왕십리동, 센트라스)",GS THE FRESH 성동센트라스점,구분없음,202372.912,451536.6809,생활/편의,슈퍼마켓
영업/정상,서울특별시 성동구 왕십리로 241 (행당동),파크에비뉴 엔터식스 한양대점,복합쇼핑몰,203481.6282,450468.7733,생활/편의,복합쇼핑몰
영업/정상,서울특별시 성동구 왕십리로 333 (하왕십리동),홈플러스(주) 익스프레스 왕십리점,구분없음,202806.0185,451160.356,생활/편의,슈퍼마켓
영업/정상,"서울특별시 성동구 자동차시장1길 70 (용답동, 장안평중고자동차시장)",자동차매매센타,전문점,205784.8688,450883.524,생활/편의,전문점
영업/정상,"서울특별시 성동구 독서당로 160, 한남하이츠아파트 (옥수동)",한남하이츠상가,구분없음,201181.599,448609.5881,생활/편의,슈퍼마켓
영업/정상,"서울특별시 성동구 행당로 87, 행당동 대림아파트 (행당동)",대림리빙프라자,그 밖의 대규모점포,202326.503,450625.5842,생활/편의,그 밖의 대규모점포
영업/정상,"서울특별시 성동구 행당로 84, 행당 한진타운 종합상가 (행당동)",한진종합상가,그 밖의 대규모점포,202511.1429,450401.3037,생활/편의,그 밖의 대규모점포
영업/정상,"서울특별시 성동구 마장로31길 40 (마장동,일대)",마장축산물시장,시장,203323.7878,451940.2054,생활/편의,시장
영업/정상,서울특별시 성동구 무학로6길 50 (도선동),성동삼성쉐르빌상가,그 밖의 대규모점포,203017.0215,451346.2811,생활/편의,그 밖의 대규모점포
영업/정상,서울특별시 성동구 왕십리광장로 17 (행당동),(주)이마트 왕십리점,대형마트,203292.1518,451267.731,생활/편의,대형마트
영업/정상,"서울특별시 성동구 왕십리광장로 17, 왕십리민자역사 (행당동)",ENTER-6,그 밖의 대규모점포,203321.5623,451001.8687,생활/편의,그 밖의 대규모점포
영업/정상,서울특별시 성동구 동호로 100 (금호동3가),홈플러스(주) 익프스레스 금호2점,구분없음,201383.0237,449744.2805,생활/편의,슈퍼마켓
영업/정상,서울특별시 성동구 행당로 6 (금호동1가),홈플러스(주) 익스프레스 금호점,구분없음,201772.8071,450250.3664,생활/편의,슈퍼마켓
영업/정상,"서울특별시 성동구 왕십리로 109, 성수만세주유소 1층 (성수동1가)",GS THE FRESG 서울숲점,구분없음,203841.2255,449475.5401,생활/편의,슈퍼마켓
영업/정상,서울특별시 성동구 성수이로 32-15 (성수동2가),뚝도시장,시장,204775.366,448395.5878,생활/편의,시장
영업/정상,서울특별시 성동구 독서당로 303-11 (금호동3가),금남시장,시장,201939.2553,449589.2138,생활/편의,시장
영업/정상,서울특별시 광진구 뚝섬로 491 (자양동),노룬산시장,그 밖의 대규모점포,205663.0811,448250.3634,생활/편의,그 밖의 대규모점포
영업/정상,서울특별시 광진구 아차산로30길 39 (자양동),조양시장,그 밖의 대규모점포,205886.289,448517.3386,생활/편의,그 밖의 대규모점포
영업/정상,서울특별시 광진구 긴고랑로11길 11 (중곡동),중곡제일시장,그 밖의 대규모점포,207114.4989,451296.0494,생활/편의,그 밖의 대규모점포
영업/정상,서울특별시 광진구 광나루로 369 (군자동),파크에비뉴,그 밖의 대규모점포,206212.2443,449577.1749,생활/편의,그 밖의 대규모점포
영업/정상,서울특별시 광진구 긴고랑로11길 11 (중곡동),(주)이마트에브리데이 중곡동점,구분없음,207114.4989,451296.0494,생활/편의,슈퍼마켓
영업/정상,서울특별시 광진구 용마산로 10 (중곡동),홈플러스익스프레스 중곡2점,구분없음,207778.7142,450256.4373,생활/편의,슈퍼마켓
영업/정상,서울특별시 광진구 능동로 314 (중곡동),홈플러스(주)익스프레스 중곡점,구분없음,207001.8723,450597.6149,생활/편의,슈퍼마켓
영업/정상,서울특별시 광진구 영화사로 12 (중곡동),신성종합시장,그 밖의 대규모점포,207747.894,450639.201,생활/편의,그 밖의 대규모점포
영업/정상,서울특별시 광진구 자양번영로6길 20 (자양동),자양종합시장,그 밖의 대규모점포,206686.3645,447752.4632,생활/편의,그 밖의 대규모점포
영업/정상,서울특별시 광진구 광나루로56길 85 (구의동),테크노-마트21,그 밖의 대규모점포,208394.4164,448165.28,생활/편의,그 밖의 대규모점포
영업/정상,서울특별시 광진구 자양로5길 33 (자양동),프라젠 스파,그 밖의 대규모점포,207368.6245,447632.296,생활/편의,그 밖의 대규모점포
영업/정상,서울특별시 광진구 아차산로 200 (자양동),커먼그라운드,그 밖의 대규모점포,205758.8167,448768.1614,생활/편의,그 밖의 대규모점포
영업/정상,서울특별시 광진구 능동로13길 39 (화양동),한아름시장,그 밖의 대규모점포,206107.7752,449029.3422,생활/편의,그 밖의 대규모점포
영업/정상,서울특별시 광진구 능동로47길 30 (중곡동),광성시장,그 밖의 대규모점포,207098.9948,451260.4457,생활/편의,그 밖의 대규모점포
영업/정상,서울특별시 광진구 광나루로 635 (광장동),현대종합상가,그 밖의 대규모점포,208644.8192,448711.7258,생활/편의,그 밖의 대규모점포
영업/정상,서울특별시 광진구 광나루로56길 34 (구의동),구의현대종합상가,그 밖의 대규모점포,208403.7461,448490.2392,생활/편의,그 밖의 대규모점포
영업/정상,서울특별시 광진구 광나루로56길 63 (구의동),프라임프라자상가,그 밖의 대규모점포,208558.2866,448353.9052,생활/편의,그 밖의 대규모점포
영업/정상,서울특별시 광진구 자양로 293 (구의동),롯데 FRESH 아차산점,구분없음,208075.5435,449971.642,생활/편의,슈퍼마켓
영업/정상,서울특별시 광진구 아차산로 473 (구의동),홈플러스익스프레스 구의2점,구분없음,208261.7488,448701.6585,생활/편의,슈퍼마켓
영업/정상,서울특별시 광진구 강변역로 50 (구의동),동서울터미널상가,복합쇼핑몰,208201.9933,447967.2995,생활/편의,복합쇼핑몰
영업/정상,서울특별시 광진구 아차산로 272 (자양동),(주)이마트 자양점,대형마트,206349.675,448396.9397,생활/편의,대형마트
영업/정상,"서울특별시 광진구 자양로 168, 102호 (구의동, 광진 더프레236)",GS THE FRESH 광진구의점,구분없음,207400.6081,448930.6832,생활/편의,슈퍼마켓
영업/정상,서울특별시 동대문구 천호대로4길 21 (신설동),서울풍물시장,그 밖의 대규모점포,202186.4681,452282.6074,생활/편의,그 밖의 대규모점포
영업/정상,서울특별시 동대문구 한천로 42 (장안동),장안위더스빌,그 밖의 대규모점포,205423.9695,451556.2106,생활/편의,그 밖의 대규모점포
영업/정상,서울특별시 동대문구 이문로 136 (이문동),이마트에브리데이 이문점,복합쇼핑몰,205396.3637,455131.6832,생활/편의,복합쇼핑몰
영업/정상,서울특별시 동대문구 왕산로 117 (제기동),불로장생타워,전문점,203155.5049,452914.6075,생활/편의,전문점
영업/정상,서울 동대문구 왕산로 128,건강백화점 동의보감,전문점,203258.3772,452834.0641,생활/편의,전문점
영업/정상,서울특별시 동대문구 한천로 190(장안동),전곡시장,시장,205987.3456,452845.2843,생활/편의,시장
영업/정상,서울특별시 동대문구 휘경로 53(휘경동),이경시장,시장,205761.9884,454700.999,생활/편의,시장
영업/정상,서울특별시 동대문구 이문로 136 (이문동),이문제일시장,시장,205396.3637,455131.6832,생활/편의,시장
영업/정상,서울특별시 동대문구 왕산로 109 (제기동),한솔동의보감,전문점,203075.0985,452918.8365,생활/편의,전문점
영업/정상,서울특별시 동대문구 답십리로 288 (장안동),(주)형지쇼핑 아트몰링 장안점,그 밖의 대규모점포,206325.3494,452184.2102,생활/편의,그 밖의 대규모점포
영업/정상,서울특별시 동대문구  이문로  37 (회기동),베라체캠퍼스 에비뉴,그 밖의 대규모점포,204881.3132,454280.0406,생활/편의,그 밖의 대규모점포
영업/정상,"서울특별시 광진구 아차산로 402, 판매시설 (자양동)",넥스트커넥트피에프브이 (주)이스트폴 판매시설,쇼핑센터,207770.1971,448131.0614,생활/편의,쇼핑센터
영업/정상,"서울특별시 광진구 천호대로112길 25, 1층 (능동)",GS THE FRESH 광진능동점,대형마트,207108.6724,450297.0667,생활/편의,대형마트
영업/정상,서울특별시 동대문구 왕산로 214 (전농동),롯데쇼핑(주)롯데마트 청량리점,대형마트,204081.2821,453187.3952,생활/편의,대형마트
영업/정상,서울특별시 광진구 능동로 92 (자양동),롯데백화점 건대스타시티점,백화점,206217.4347,448506.2187,생활/편의,백화점
영업/정상,서울특별시 동대문구 왕산로 214 (전농동),롯데백화점 청량리역사점,복합쇼핑몰,204081.2821,453187.3952,생활/편의,복합쇼핑몰
영업/정상,서울특별시 동대문구 무학로37길 12(용두동),용두시장,시장,202538.0118,452901.1853,생활/편의,시장
영업/정상,"서울특별시 동대문구 고산자로36길 3, 경동시장 (제기동)",경동시장,시장,203403.0195,452985.7254,생활/편의,시장
영업/정상,서울특별시 동대문구 서울시립대로 36 (전농동),전농프라자,그 밖의 대규모점포,204082.1118,452472.9905,생활/편의,그 밖의 대규모점포
영업/정상,서울특별시 동대문구 전농로 147 (전농동),전농로타리시장,시장,204970.9016,452852.821,생활/편의,시장
영업/정상,서울특별시 동대문구 천호대로 281(답십리동),동부시장,시장,204551.742,451706.0036,생활/편의,시장
영업/정상,서울특별시 동대문구 이문로 136 (이문동),이문동웰츠타워,그 밖의 대규모점포,205396.3637,455131.6832,생활/편의,그 밖의 대규모점포
영업/정상,서울특별시 동대문구 경희대로 20 (회기동),홈플러스 익스프레스 서울회기점,구분없음,204599.373,454552.7797,생활/편의,슈퍼마켓
영업/정상,"서울특별시 동대문구 고산자로36길 3, 2층 (제기동)",노브랜드 경동시장점,구분없음,203403.0195,452985.7254,생활/편의,슈퍼마켓
영업/정상,서울특별시 동대문구 고미술로 49 (답십리동),이마트에브리데이 답십리점,구분없음,204638.4864,451699.7658,생활/편의,슈퍼마켓
영업/정상,서울특별시 동대문구 한천로 42 (장안동),노브랜드 동대문 장안점,대형마트,205423.9695,451556.2106,생활/편의,대형마트
영업/정상,"서울특별시 동대문구 장한로28가길 45, 희헌빌딩 (장안동)",GS THE FRESH 동대문장안점,구분없음,206341.5388,452530.0188,생활/편의,슈퍼마켓
영업/정상,"서울특별시 동대문구 고산자로32길 78 (용두동, 청량리역한양수자인그라시엘)",청량리역 한양수자인 그라시엘 판매시설,그 밖의 대규모점포,203728.022,452778.9652,생활/편의,그 밖의 대규모점포
영업/정상,서울특별시 동대문구 홍릉로 13 (청량리동),청량리현대코아,그 밖의 대규모점포,203851.3754,453238.5942,생활/편의,그 밖의 대규모점포
영업/정상,"서울특별시 동대문구 사가정로 148 (전농동, SK아파트)",롯데쇼핑(주) 롯데슈퍼 전농점,구분없음,205271.7049,452706.8979,생활/편의,슈퍼마켓
영업/정상,서울특별시 성북구 동소문로 227 (길음동),길음시장,시장,201852.5885,455598.9475,생활/편의,시장
영업/정상,서울특별시 중랑구 봉화산로 221 (신내동),동성타워프라자,복합쇼핑몰,208520.0923,456195.8775,생활/편의,복합쇼핑몰
영업/정상,서울특별시 중랑구 동일로129길 35 (중화동),태능엔터피아 번영회,시장,206771.2173,455221.9895,생활/편의,시장
영업/정상,"서울특별시 중랑구 망우로 353-0 (상봉동, 프레미어스 엠코)",이노시티,복합쇼핑몰,207923.7459,455090.7183,생활/편의,복합쇼핑몰
영업/정상,서울특별시 중랑구 면목로74길 45 (면목동),동원,시장,207869.6056,454173.3134,생활/편의,시장
영업/정상,서울특별시 중랑구 동일로129길 35 (중화동),홈플러스(주) 익스프레스 태릉점,그 밖의 대규모점포,206771.2173,455221.9895,생활/편의,그 밖의 대규모점포
영업/정상,서울특별시 중랑구 면목로 357 (면목동),홈플러스(주)익스프레스 면목점,그 밖의 대규모점포,207708.3648,453525.7412,생활/편의,그 밖의 대규모점포
영업/정상,서울특별시 중랑구 용마산로 494 (망우동),홈플러스(주)익스프레스 망우점,그 밖의 대규모점포,208781.9994,454740.6269,생활/편의,그 밖의 대규모점포
영업/정상,서울특별시 중랑구 면목로39길 11 (면목동),(주)이마트에브리데이 면목동점,그 밖의 대규모점포,207553.1704,453031.1158,생활/편의,그 밖의 대규모점포
영업/정상,서울특별시 중랑구 신내로 201 (신내동),홈플러스 신내점,대형마트,208208.7867,457054.7937,생활/편의,대형마트
영업/정상,"서울특별시 동대문구 이문로35길 12, F동 101~4호 (이문동, 래미안라그란데아파트)",GS THE FRESH 이문라그란데점,복합쇼핑몰,205249.2654,455308.6518,생활/편의,복합쇼핑몰
영업/정상,"서울특별시 중랑구 양원역로 18, 103~106호 (망우동, 중랑숲금호어울림)",GS THE FRESH 중랑망우점,그 밖의 대규모점포,209579.5427,455549.5894,생활/편의,슈퍼마켓
영업/정상,서울특별시 중랑구 사가정로 332 (면목동),홈플러스(주)면목점,대형마트,207090.8672,453072.936,생활/편의,대형마트
영업/정상,서울특별시 중랑구 동일로 932 (묵동),주식회사 이마트 묵동점,대형마트,206777.7314,456837.2196,생활/편의,대형마트
영업/정상,"서울특별시 망우로 353-0 (상봉동, 프레미어스 엠코)",홈플러스(주) 서울 상봉점,대형마트,207923.7459,455090.7183,생활/편의,대형마트
영업/정상,서울특별시 중랑구 망우로 336 (상봉동),코스트코홀세일 상봉점,대형마트,207897.2604,454953.3634,생활/편의,대형마트
영업/정상,"서울특별시 중랑구 신내로 211, 금강리빙스텔 비01호 (신내동)",롯데프레시앤델리 봉화산역점,그 밖의 대규모점포,208112.8602,457113.6384,생활/편의,그 밖의 대규모점포
영업/정상,"서울특별시 중랑구 봉화산로56길 153, 대명프라자 (신내동)",GS THE FRESH 신내점,그 밖의 대규모점포,208481.6127,455496.9805,생활/편의,그 밖의 대규모점포
영업/정상,"서울특별시 성북구 성북로4길 52 (돈암동, 한신한진아파트)",동소문스카이상가,그 밖의 대규모점포,200841.727,454721.5052,생활/편의,그 밖의 대규모점포
영업/정상,서울특별시 성북구 보문로 61 (보문동7가),홈플러스익스프레스 보문점,그 밖의 대규모점포,201826.0023,453162.3763,생활/편의,그 밖의 대규모점포
영업/정상,서울특별시 성북구 길음로13길 22 (길음동),홈플러스익스프레스 길음점,그 밖의 대규모점포,201592.9913,456382.9661,생활/편의,그 밖의 대규모점포
영업/정상,"서울특별시 성북구 종암로 167 (하월곡동, 동일하이빌뉴시티아파트)",이마트 하월곡점,대형마트,202667.4688,455858.9208,생활/편의,대형마트
영업/정상,서울특별시 성북구 성북로4길 52 (돈암동),동소문스카이상가,복합쇼핑몰,200841.727,454721.5052,생활/편의,복합쇼핑몰
영업/정상,서울특별시 성북구 도봉로 17 (길음동),이마트 미아점,대형마트,202555.3009,456503.0662,생활/편의,대형마트
영업/정상,"서울특별시 성북구 보문사길 111 (보문동6가, 보문파크뷰자이)",GS더프레시 성북보문점,구분없음,201562.5718,453092.4347,생활/편의,슈퍼마켓
영업/정상,서울특별시 성북구 돌곶이로22가길 27,새석관시장,그 밖의 대규모점포,204582.6803,456210.8363,생활/편의,그 밖의 대규모점포
영업/정상,서울 성북구 한천로101길 59,번동시장,그 밖의 대규모점포,204162.7777,457664.9619,생활/편의,그 밖의 대규모점포
영업/정상,"서울특별시 성북구 동소문로 315 (길음동, 현대백화점미아점)",현대백화점 미아점,백화점,202466.8011,456227.5717,생활/편의,백화점
영업/정상,서울특별시 성북구  도봉로  17 (길음동),이마트 미아점,대형마트,202555.3009,456503.0662,생활/편의,대형마트
영업/정상,"서울특별시 성북구 종암로 132 (종암동, 종암우림카이저팰리스)",종암우림카이저팰리스주상복합,그 밖의 대규모점포,202887.7353,455516.2043,생활/편의,그 밖의 대규모점포
영업/정상,"서울특별시 성북구 도봉로 17, 신세계 이마트 미아점 (길음동)",이마트 미아점,대형마트,202555.3009,456503.0662,생활/편의,대형마트
영업/정상,"서울특별시 성북구 종암로 167,  동 (하월곡동)",이마트 하월곡점,대형마트,202667.4688,455858.9208,생활/편의,대형마트
영업/정상,"서울특별시 성북구 화랑로 76, 코업스타클래스 (하월곡동)",홈플러스 월곡점,대형마트,203502.0041,455500.569,생활/편의,대형마트
영업/정상,"서울특별시 성북구 숭인로8길 80, 롯데캐슬클라시아 상가 101~104호 (길음동)",GS더프레시 성북클라시아점,구분없음,202226.3785,456194.3524,생활/편의,슈퍼마켓
영업/정상,"서울특별시 성북구 길음로 33 (길음동, 길음뉴타운8단지아파트)",GS더프레시 길음뉴타운점,구분없음,201514.971,456137.1021,생활/편의,슈퍼마켓
영업/정상,"서울특별시 성북구 길음로7길 6, 길음뉴타운9단지래미안 상가 지하1층 B04~B08호 (길음동)",이마트에브리데이 길음점,그 밖의 대규모점포,201912.4356,455775.861,생활/편의,그 밖의 대규모점포
영업/정상,서울특별시 성북구 삼선교로 6 (삼선동1가),홈플러스익스프레스 삼선점,그 밖의 대규모점포,200509.6605,453950.6409,생활/편의,그 밖의 대규모점포
영업/정상,서울특별시 성북구 동소문로 106 (동선동1가),유타쇼핑몰,전문점,201447.4187,454477.1033,생활/편의,전문점
영업/정상,"서울특별시 성북구 길음로7길 6, 길음뉴타운9단지래미안 상가 지하1층 B04~B08호 (길음동)",이마트에브리데이 길음점,구분없음,201912.4356,455775.861,생활/편의,슈퍼마켓
영업/정상,"서울특별시 강북구 도봉로67길 18, 수유시장 (수유동)",수유시장,그 밖의 대규모점포,201956.181,458714.3658,생활/편의,시장
영업/정상,"서울특별시 강북구 노해로17길 21, 수유중앙시장 (수유동)",수유중앙시장,그 밖의 대규모점포,201812.9047,459775.9928,생활/편의,시장
영업/정상,"서울특별시 강북구 솔샘로 233, 동북프라자 (미아동)",동북프라자,그 밖의 대규모점포,201589.778,457545.1009,생활/편의,그 밖의 대규모점포
영업/정상,서울특별시 강북구 도봉로33길 18 (미아동),(주)농협유통 미아점,대형마트,202266.4487,457691.8024,생활/편의,대형마트
영업/정상,서울특별시 강북구 도봉로 172 (미아동),홈플러스(주)익스프레스미아점,구분없음,202344.1179,457986.1723,생활/편의,슈퍼마켓
영업/정상,서울특별시 강북구 한천로123길 26 (번동),북부시장,시장,202608.9341,459320.0308,생활/편의,시장
영업/정상,"서울특별시 강북구 솔샘로 233, 동북프라자 (미아동)",동북시장,그 밖의 대규모점포,201589.778,457545.1009,생활/편의,시장
영업/정상,서울특별시 강북구 노해로23길 68 (수유동),우이시장,그 밖의 대규모점포,201692.8689,460402.0655,생활/편의,시장
영업/정상,서울특별시 강북구 도봉로 52 (미아동),연이스퀘어,쇼핑센터,202624.6173,456818.8521,생활/편의,쇼핑센터
영업/정상,"서울특별시 강북구 도봉로 261 (수유동, 삼호아파트,수유프라자)",수유프라자,그 밖의 대규모점포,202000.5137,458815.9777,생활/편의,그 밖의 대규모점포
영업/정상,서울특별시 강북구 도봉로 261 (수유동),수유프라자,그 밖의 대규모점포,202000.5137,458815.9777,생활/편의,그 밖의 대규모점포
영업/정상,"서울특별시 강북구 오패산로30길 10, 대지쇼핑프라자 1층 101~104호, 106호~122호 (미아동)",GS THE FRESH 북서울숲점,구분없음,203008.205,456808.9721,생활/편의,슈퍼마켓
영업/정상,서울특별시 강북구 도봉로 45 (미아동),숭인시장,그 밖의 대규모점포,202558.5818,456709.9163,생활/편의,그 밖의 대규모점포
영업/정상,서울특별시 강북구 삼양로91길 11-12 (수유동),수유북부시장,그 밖의 대규모점포,201354.5535,459317.5831,생활/편의,그 밖의 대규모점포
영업/정상,서울특별시 강북구 도봉로 34 (미아동),트레지오,복합쇼핑몰,202642.446,456636.3082,생활/편의,복합쇼핑몰
영업/정상,서울특별시 강북구 한천로123길 26 (번동),강북 북부시장,그 밖의 대규모점포,202608.9341,459320.0308,생활/편의,그 밖의 대규모점포
영업/정상,"서울특별시 강북구 도봉로 157, 112호 (미아동, 두원프라자)",(주)이마트에브리데이 미아동점,구분없음,202314.4797,457821.8531,생활/편의,슈퍼마켓
영업/정상,"서울특별시 도봉구 방학로5길 33, 금강아미움파크타운 (쌍문동, 금강아미움파크타운)",금강아미움쇼핑센터,그 밖의 대규모점포,203296.1646,462113.8605,생활/편의,그 밖의 대규모점포
영업/정상,서울특별시 도봉구 도봉로104길 53 (창동),(주)이마트에브리데이 창동점,구분없음,203027.6271,460124.4184,생활/편의,슈퍼마켓
영업/정상,서울특별시 도봉구 방학로 223 (방학동),신동아프라자,그 밖의 대규모점포,202326.1758,462116.4086,생활/편의,그 밖의 대규모점포
영업/정상,서울특별시 도봉구 덕릉로63가길 61 (창동),대우상가,그 밖의 대규모점포,203242.9685,460001.0811,생활/편의,그 밖의 대규모점포
영업/정상,서울특별시 도봉구 마들로 724 (도봉동),도봉한양프라자,그 밖의 대규모점포,204136.5845,463573.1022,생활/편의,그 밖의 대규모점포
영업/정상,서울특별시 도봉구 도봉로104길 53 (창동),(주)에브리데이리테일 창동점,구분없음,203027.6271,460124.4184,생활/편의,슈퍼마켓
영업/정상,서울특별시 도봉구 해등로12길 3 (창동),GS THE FRESH 창동점,구분없음,203589.0336,461254.3494,생활/편의,슈퍼마켓
영업/정상,"서울특별시 도봉구 시루봉로 103-1, 1층 (방학동)",GS THE FRESH 방학신동아점,구분없음,202346.0492,461967.4012,생활/편의,슈퍼마켓
영업/정상,서울특별시 도봉구 도봉로180나길 41 (도봉동),도봉한신쇼핑상가,복합쇼핑몰,204169.8477,464814.7174,생활/편의,복합쇼핑몰
영업/정상,서울특별시 노원구 마들로 31 (월계동),(주)지에스리테일 GS슈퍼 노원월계점,구분없음,205984.1521,457275.7993,생활/편의,슈퍼마켓
영업/정상,서울특별시 도봉구 도봉로110길 65 (창동),롯데프레쉬 창동점,구분없음,203207.6253,460455.8376,생활/편의,슈퍼마켓
영업/정상,서울특별시 도봉구 도봉로 678 (방학동),홈플러스(주)방학점,대형마트,203790.0136,462495.417,생활/편의,대형마트
영업/정상,서울특별시 도봉구 덕릉로57길 30 (창동),삼익쇼핑,그 밖의 대규모점포,203220.9214,459746.9244,생활/편의,그 밖의 대규모점포
영업/정상,서울특별시 도봉구 노해로65길 4 (창동),(주) 이마트 창동점,복합쇼핑몰,204107.0903,461072.6424,생활/편의,복합쇼핑몰
영업/정상,서울특별시 도봉구 도봉로104길 53 (창동),(주)에브리데이리테일 창동점,구분없음,203027.6271,460124.4184,생활/편의,슈퍼마켓
영업/정상,"서울특별시 노원구 덕릉로 690, 1층 (중계동)",(주)이마트에브리데이 상계역점,구분없음,206616.3001,461867.9471,생활/편의,슈퍼마켓
영업/정상,서울특별시 노원구 동일로 1101 (공릉동),홈플러스(주)익스프레스 공릉점,구분없음,206222.0827,458423.4402,생활/편의,슈퍼마켓
영업/정상,서울특별시 노원구 노원로1길 67 (공릉동),(주)이마트에브리데이 공릉동점,구분없음,207311.1758,457610.712,생활/편의,슈퍼마켓
영업/정상,"서울특별시 노원구 한글비석로 57 (하계동, 세이브존)",세이브존,그 밖의 대규모점포,206044.7764,459360.8777,생활/편의,그 밖의 대규모점포
영업/정상,"서울특별시 노원구 한글비석로 452, 1층 (상계동)",GS THE FRESH 노원비석로점,구분없음,205914.4627,462406.8507,생활/편의,슈퍼마켓
영업/정상,"서울특별시 노원구 동일로 1701 (상계동, 희성오피앙)",오피앙,그 밖의 대규모점포,204772.5006,464208.3054,생활/편의,그 밖의 대규모점포
영업/정상,"서울특별시 노원구 마들로3길 15 (월계동, 월계이마트)",이마트타운 월계점,쇼핑센터,205391.0704,458333.9892,생활/편의,쇼핑센터
영업/정상,서울특별시 노원구 동일로204가길 12 (중계동),홈플러스(주) 중계점,대형마트,205985.9533,459730.4378,생활/편의,대형마트
영업/정상,서울특별시 노원구 노해로 507 (상계동),와우패션클럽,복합쇼핑몰,205557.0134,461441.688,생활/편의,복합쇼핑몰
영업/정상,서울특별시 노원구 섬밭로 258,건영옴니백화점,백화점,205645.892,459609.0125,생활/편의,백화점
영업/정상,서울특별시 노원구 상계로23다길 13-8 (상계동),노원아이파크 상가,그 밖의 대규모점포,206033.0233,461935.3392,생활/편의,그 밖의 대규모점포
영업/정상,"서울특별시 노원구 한글비석로 232 (중계동, 유경데파트)",유경데파트,그 밖의 대규모점포,206719.5863,460669.8364,생활/편의,그 밖의 대규모점포
영업/정상,"서울특별시 노원구 동일로180길 14 (공릉동, 공릉종합상가)",공릉종합상가,그 밖의 대규모점포,206578.976,457736.3647,생활/편의,그 밖의 대규모점포
영업/정상,서울특별시 노원구 한글비석로 396 (상계동),상계역전종합상가,쇼핑센터,206280.7899,462002.499,생활/편의,쇼핑센터
영업/정상,서울특별시 노원구 중계로 225 (중계동),홈플러스(주)익스프레스 중계점,구분없음,206490.2474,460830.6154,생활/편의,슈퍼마켓
영업/정상,서울특별시 노원구 한글비석로 471 (상계동),(주)지에스리테일 GS수퍼상계점,구분없음,205715.5389,462416.2116,생활/편의,슈퍼마켓
영업/정상,"서울특별시 노원구 덕릉로 753, 노원롯데캐슬시그니처아파트 근린생활시설 2동 16,17호 (상계동)",GS THE FRESH 노원캐슬점,구분없음,206799.0201,462509.6384,생활/편의,슈퍼마켓
영업/정상,서울특별시 노원구 동일로204가길 46 (중계동),이천일아울렛 중계점,복합쇼핑몰,205931.0533,459884.1972,생활/편의,복합쇼핑몰
영업/정상,"서울특별시 노원구 노원로 330 (중계동, 롯데마트)",롯데마트 중계점,대형마트,206132.4325,460549.3112,생활/편의,대형마트
영업/정상,서울특별시 은평구 불광로 20 (대조동),팜스퀘어,쇼핑센터,193661.7324,456379.1939,생활/편의,쇼핑센터
영업/정상,서울특별시 은평구 응암로 252 (응암동),응암시장,그 밖의 대규모점포,192738.3811,454678.8985,생활/편의,그 밖의 대규모점포
영업/정상,서울특별시 은평구 불광로 90-0 (불광동),대호프라자상가,복합쇼핑몰,194002.7017,456937.5425,생활/편의,복합쇼핑몰
영업/정상,서울특별시 은평구 갈현로 10 (신사동),홈플러스(주)익스프레스 신사점,그 밖의 대규모점포,192012.2086,455177.7045,생활/편의,그 밖의 대규모점포
영업/정상,서울특별시 은평구 서오릉로 222 (갈현동),홈플러스 익스프레스 갈현점,그 밖의 대규모점포,191953.9402,456960.6878,생활/편의,그 밖의 대규모점포
영업/정상,서울특별시 은평구 통일로 842 (불광동),범서쇼핑,쇼핑센터,193035.2791,457365.9117,생활/편의,쇼핑센터
영업/정상,서울특별시 은평구 통일로 856 (불광동),메트로,쇼핑센터,192998.2022,457479.9952,생활/편의,쇼핑센터
영업/정상,서울특별시 은평구 수색로 217 (수색동),(주)이마트 수색점,대형마트,190977.8506,453037.788,생활/편의,대형마트
영업/정상,서울특별시 은평구 통일로 780 (불광동),불광미성상가,그 밖의 대규모점포,193600.8884,456957.2336,생활/편의,그 밖의 대규모점포
영업/정상,서울특별시 강남구 선릉로 660 (삼성동),롯데쇼핑(주) 롯데슈퍼 삼성점,구분없음,203675.905,445926.1197,생활/편의,슈퍼마켓
영업/정상,서울특별시 은평구 진흥로 103 (역촌동),롯데쇼핑(주) 롯데슈퍼 역촌점,복합쇼핑몰,193083.7657,455978.0106,생활/편의,복합쇼핑몰
영업/정상,서울특별시 은평구 불광로 20 (대조동),엔씨백화점 불광점,쇼핑센터,193661.7324,456379.1939,생활/편의,쇼핑센터
영업/정상,서울특별시 은평구 은평로 111 (응암동),(주)이마트 은평점,대형마트,192882.8377,455340.5406,생활/편의,대형마트
영업/정상,서울특별시 은평구 진흥로1길 28 (역촌동),서부종합시장,그 밖의 대규모점포,192773.9746,455630.8841,생활/편의,그 밖의 대규모점포
영업/정상,서울특별시 은평구 서오릉로 145 (구산동),홈플러스(주)익스프레스구산점,그 밖의 대규모점포,192563.8745,456570.0846,생활/편의,그 밖의 대규모점포
영업/정상,서울특별시 은평구 응암로 247 (응암동),홈플러스(주)익스프레스응암점,그 밖의 대규모점포,192674.1327,454664.1668,생활/편의,그 밖의 대규모점포
영업/정상,서울특별시 은평구 불광로 121 (불광동),홈플러스(주)익스프레스 불광점,그 밖의 대규모점포,194003.8839,457260.7365,생활/편의,그 밖의 대규모점포
영업/정상,"서울특별시 은평구 가좌로 331, 1층 (신사동)",GS THE FRESH 은평가좌점,구분없음,191844.9137,454908.4954,생활/편의,슈퍼마켓
영업/정상,"서울특별시 은평구 통일로 1050 (진관동, 롯데몰은평점)",롯데몰 은평,쇼핑센터,192694.9237,459461.2361,생활/편의,쇼핑센터
영업/정상,서울특별시 통일로 484 (유진상가),유진상가,시장,194811.7563,454300.7397,생활/편의,시장
영업/정상,서울특별시 서대문구 수색로2길 45 (남가좌동),모래내시장(주),시장,192503.1283,452051.2725,생활/편의,시장
영업/정상,서울특별시 서대문구 신촌로 83 (창천동),현대백화점 신촌점,백화점,194265.0676,450433.691,생활/편의,백화점
영업/정상,서울특별시 서대문구 신촌역로 30 (신촌동),신촌 밀리오레,그 밖의 대규모점포,194798.4584,450837.0517,생활/편의,그 밖의 대규모점포
영업/정상,서울특별시 서대문구 이화여대1길 10 (대현동),예스에이피엠,그 밖의 대규모점포,195063.8207,450597.8741,생활/편의,그 밖의 대규모점포
영업/정상,서울특별시 서대문구 연희맛로 23 (연희동),연희슈퍼마켓,시장,193716.3399,451653.5637,생활/편의,시장
영업/정상,서울특별시 서대문구 응암로 112 (북가좌동),홈플러스(주) 익스프레스 북가좌점,구분없음,192301.1355,453354.0655,생활/편의,슈퍼마켓
영업/정상,"서울특별시 서대문구 통일로 484, 유진상가 (홍제동)",롯데슈퍼 유진점(X),구분없음,194850.361,454344.4325,생활/편의,슈퍼마켓
영업/정상,"서울특별시 서대문구 통일로 397, 지4층 (홍제동, 인왕산 한신휴플러스)",롯데슈퍼 홍제2점,구분없음,195281.3955,453657.5348,생활/편의,슈퍼마켓
영업/정상,"서울특별시 서대문구 통일로 484, 유진상가 1층 (홍제동)",롯데슈퍼 유진점,구분없음,194850.361,454344.4325,생활/편의,슈퍼마켓
영업/정상,서울특별시 서대문구 응암로 54 (북가좌동),(주)GS리테일 북가좌점,복합쇼핑몰,192000.9459,452848.0091,생활/편의,복합쇼핑몰
영업/정상,"서울특별시 서대문구 거북골로 34, 명지대학교 (남가좌동)",이마트에브리데이 명지대점,구분없음,193139.5239,453106.0026,생활/편의,슈퍼마켓
영업/정상,"서울특별시 서대문구 수색로2길 39, B1,1,2층 (남가좌동, DMC금호리첸시아)",DMC금호리첸시아몰,그 밖의 대규모점포,192482.4165,452143.4915,생활/편의,그 밖의 대규모점포
영업/정상,서울특별시 서대문구 가좌로 99(홍은동),롯데프레시 홍은점,구분없음,193440.5499,453256.426,생활/편의,슈퍼마켓
영업/정상,"서울특별시 서대문구 이화여대길 50-12, 상가동 1층 101호 (대현동, 신촌럭키아파트)",GS THE FRESH 신촌이대역점,그 밖의 대규모점포,195332.1234,450806.0584,생활/편의,그 밖의 대규모점포
영업/정상,서울특별시 서대문구 홍은중앙로 89(홍은동),이마트에브리데이 홍은점,구분없음,195280.7102,455193.0147,생활/편의,슈퍼마켓
영업/정상,"서울특별시 서대문구 수색로2길 39(남가좌동, DMC금호리첸시아)",이마트에브리데이 남가좌점,구분없음,192482.4165,452143.4915,생활/편의,슈퍼마켓
영업/정상,서울특별시 마포구 양화로 188 (동교동),AK PLAZA 홍대,쇼핑센터,193285.5497,450808.5716,생활/편의,쇼핑센터
영업/정상,서울특별시 마포구 토정로 193 (구수동),롯데슈퍼 마포점,복합쇼핑몰,193981.3127,449301.6924,생활/편의,복합쇼핑몰
영업/정상,"서울특별시 마포구 연남로 30 (연남동, 코오롱하늘채아파트)",홈플러스익스프레스 연남점,복합쇼핑몰,192899.6057,451360.661,생활/편의,복합쇼핑몰
영업/정상,"서울특별시 마포구 대흥로24길 24, 마포 프레스티지 자이 아파트 단지 내 상가 A동 115~119호 (염리동)",GS THE FRESH 마포염리점,구분없음,195310.8642,450080.1299,생활/편의,슈퍼마켓
영업/정상,"서울특별시 마포구 광성로 17, 상가동 127호 (신수동, 신촌숲아이파크)",GS THE FRESH 신촌숲아이파크점,구분없음,194134.5527,449869.275,생활/편의,슈퍼마켓
영업/정상,"서울특별시 서대문구 세무서8길 30, 32동 1호 (홍제동, 홍제역해링턴플레이스)",GS THE FRESH 홍제해링턴점,구분없음,195387.6223,454191.4471,생활/편의,슈퍼마켓
영업/정상,서울특별시 마포구 양화로 176 (동교동),스타피카소 아울렛,전문점,193282.1308,450549.2802,생활/편의,전문점
영업/정상,"서울특별시 마포구 마포대로6길 16, 마포시장 (공덕동)",마포시장,시장,195804.5637,449216.3113,생활/편의,시장
영업/정상,서울특별시 마포구 백범로 212 (신공덕동),(주)이마트 마포점,대형마트,195808.9045,448910.7413,생활/편의,대형마트
영업/정상,서울특별시 마포구  백범로  212 (신공덕동),(주)이마트 마포점,대형마트,195808.9045,448910.7413,생활/편의,대형마트
영업/정상,"서울특별시 마포구 양화로 45 (서교동, 메세나폴리스)",홈플러스 합정점,대형마트,192311.6426,449855.6439,생활/편의,대형마트
영업/정상,서울특별시 마포구 만리재로 19 (공덕동),공덕시장,시장,195810.0795,449173.776,생활/편의,시장
영업/정상,서울특별시 마포구 양화진길 5 (합정동),합정시장,시장,192257.3938,449554.4842,생활/편의,시장
영업/정상,서울특별시 마포구  신촌로  94 (노고산동),정도진흥기업(주),그 밖의 대규모점포,194273.5981,450318.7241,생활/편의,그 밖의 대규모점포
영업/정상,서울특별시 마포구 동교로12길 21 (서교동),영진시장,시장,192214.3809,450136.911,생활/편의,시장
영업/정상,서울특별시 마포구 토정로17길 17 (신수동),신수시장,시장,194236.7347,449243.1627,생활/편의,시장
영업/정상,서울특별시 마포구 월드컵로25길 26 (망원동),성산프라자(마포영화블렌하임),그 밖의 대규모점포,191651.5293,450694.8035,생활/편의,그 밖의 대규모점포
영업/정상,서울특별시 마포구 양화로 176 (동교동),YZ Park 홍대점,전문점,193296.7914,450562.9312,생활/편의,전문점
영업/정상,"서울특별시 마포구 도화4길 73 (도화동, 현대홈타운)",홈플러스익스프레스 도화점,그 밖의 대규모점포,195669.2176,448393.6587,생활/편의,그 밖의 대규모점포
영업/정상,서울특별시 마포구 홍익로3길 20 (서교동),서교시장,시장,193009.2081,450142.1869,생활/편의,시장
영업/정상,서울특별시 마포구 창전로 45 (창전동),마포종합시장(서강한화오벨리스크),그 밖의 대규모점포,193905.4372,449372.4965,생활/편의,그 밖의 대규모점포
영업/정상,서울특별시 마포구 와우산로35길 50-4 (동교동),홍대복합역사 상업시설,쇼핑센터,193285.5497,450808.5716,생활/편의,쇼핑센터
영업/정상,"서울특별시 양천구 신정로13길 3, 대우미래사랑5차아파트 103~105호 (신정동)",롯데프레시 신정점,그 밖의 대규모점포,186071.9797,445297.9868,생활/편의,그 밖의 대규모점포
영업/정상,서울특별시 양천구 화곡로 59 (신월동),(주)이마트 신월점,백화점,184796.9991,448625.3896,생활/편의,백화점
영업/정상,"서울특별시 양천구 목동서로 130, 관리동 105호 (목동,목동4단지아파트)",(주)이마트에브리데이 목동점,구분없음,188580.4837,447750.8452,생활/편의,슈퍼마켓
영업/정상,"서울특별시 양천구 월정로46길 11 (신월동,외 1필지)",롯데쇼핑(주)롯데슈퍼 신월점,구분없음,185164.5599,448756.0336,생활/편의,슈퍼마켓
영업/정상,서울특별시 양천구 목동중앙본로7길 45 (목동),목동시장아울렛,그 밖의 대규모점포,188117.3518,448552.9899,생활/편의,그 밖의 대규모점포
영업/정상,서울특별시 양천구 지양로 78 (신월동),우성상가시장,시장,185221.9579,446727.355,생활/편의,시장
영업/정상,서울특별시 양천구 목동동로 257 (목동),현대백화점목동점,백화점,188884.0756,447186.8886,생활/편의,백화점
영업/정상,서울특별시 양천구 목동동로 309 (목동),행복한백화점,백화점,188977.1711,447466.355,생활/편의,백화점
영업/정상,서울특별시 양천구 목동남로4길 2 (신정동),신정동세양청마루2차상가,그 밖의 대규모점포,187954.1896,445124.1316,생활/편의,그 밖의 대규모점포
영업/정상,서울특별시 양천구 등촌로 172 (목동),홈플러스(주)익스프레스 목동2점,구분없음,187788.8226,449204.6352,생활/편의,슈퍼마켓
영업/정상,"서울특별시 양천구 목동서로 100, 105호 (목동,목동3단지아파트 관리동상가)",롯데슈퍼 목동2점,구분없음,188700.8512,448020.091,생활/편의,슈퍼마켓
영업/정상,"서울특별시 양천구 목동동로 53, 103~108호 (신정동,굿모닝탑)",홈플러스(주)익스프레스 신정3점,구분없음,187619.9931,445879.0549,생활/편의,슈퍼마켓
영업/정상,서울특별시 양천구 목동중앙북로 7 (목동),신한이모르젠상가,그 밖의 대규모점포,187955.1215,449649.0162,생활/편의,그 밖의 대규모점포
영업/정상,서울특별시 양천구 오목로 299 (목동),(주)이마트 목동점,대형마트,188551.2991,447076.2881,생활/편의,대형마트
영업/정상,서울특별시 양천구 중앙로 255-1 (신정동),홈플러스(주)익스프레스 신정점,구분없음,186934.1477,446336.6805,생활/편의,슈퍼마켓
영업/정상,"서울특별시 양천구 목동중앙북로 68 (목동, 목동에버하임)",목동에버하임,그 밖의 대규모점포,188502.8868,449377.6388,생활/편의,그 밖의 대규모점포
영업/정상,서울특별시 양천구 목동로 183(신정동),(주)이마트에브리데이 목동역점,구분없음,187929.3951,446964.6091,생활/편의,슈퍼마켓
영업/정상,"서울특별시 양천구 목동남로4길 2 (신정동, 세양청마루2차주상복합)",(주)지에스리테일 신정2점,구분없음,187954.1896,445124.1316,생활/편의,슈퍼마켓
영업/정상,"서울특별시 양천구 목동중앙북로 68 (목동, 목동에버하임)",목동에버하임,그 밖의 대규모점포,188502.8868,449377.6388,생활/편의,그 밖의 대규모점포
영업/정상,서울특별시 양천구 목동동로 196(신정동),홈플러스 익스프레스 오목교점,구분없음,188565.0747,446750.8816,생활/편의,슈퍼마켓
영업/정상,서울특별시 양천구 목동중앙본로 95 (목동),GS THE FRESH 양천목2동점,구분없음,188456.4864,449112.8909,생활/편의,슈퍼마켓
영업/정상,서울특별시 강서구 양천로 410 (가양동),노브랜드 강서가양점,구분없음,186374.4637,451431.2511,생활/편의,슈퍼마켓
영업/정상,"서울특별시 강서구 마곡서로 101, 동익드미라벨복합빌딩 (마곡동)",노브랜드 강서마곡점,구분없음,184345.724,451171.2877,생활/편의,슈퍼마켓
영업/정상,"서울특별시 강서구 화곡로 274 (화곡동, 외4필지 크라운뷰 1층 104~109)",(주)이마트에브리데이 화곡동점,구분없음,186456.1877,449645.4519,생활/편의,슈퍼마켓
영업/정상,서울특별시 강서구  화곡로  398 (등촌동),홈플러스(주) 강서점,대형마트,187119.9482,450691.5932,생활/편의,대형마트
영업/정상,서울특별시 강서구 등촌로5길 80 (화곡동),씨에스유통 (롯데슈퍼화곡2점),구분없음,187464.4032,447877.7107,생활/편의,슈퍼마켓
영업/정상,서울특별시 강서구 방화동로 126 (방화동),삼정프라자,그 밖의 대규모점포,183315.5567,452204.1655,생활/편의,그 밖의 대규모점포
영업/정상,"서울특별시 강서구 화곡로18길 24 (화곡동, 강서 뉴타워)",강서 뉴타워,그 밖의 대규모점포,185384.3227,448552.1247,생활/편의,그 밖의 대규모점포
영업/정상,서울특별시 강서구 강서로 179 (화곡동),롯데쇼핑(주)롯데슈퍼화곡3동점,구분없음,185725.1614,448911.2648,생활/편의,슈퍼마켓
영업/정상,서울특별시 강서구 강서로 267 (내발산동),송화시장,그 밖의 대규모점포,185431.0666,449714.8138,생활/편의,시장
영업/정상,"서울특별시 강서구 양천로 687, 1층 (염창동)",(주)지에스리테일 염창점,구분없음,188680.483,449829.6943,생활/편의,슈퍼마켓
영업/정상,서울특별시 강서구 공항대로71길 49 (염창동),스페이스프라자,그 밖의 대규모점포,188692.0332,449699.8326,생활/편의,그 밖의 대규모점포
영업/정상,"서울특별시 강서구 공항대로 165, (마곡동 769 및 769-1)        [마곡지구 특별계획구역 CP4블록] (마곡동)",원그로브몰,쇼핑센터,184449.7363,451015.1352,생활/편의,쇼핑센터
영업/정상,"서울특별시 강서구 양천로67길 15, 한희빌딩 1층 (염창동)",GS THE FRESH 강서증미역점,구분없음,188237.9417,450314.0879,생활/편의,슈퍼마켓
영업/정상,"서울특별시 강서구 하늘길 38 (방화동, 롯데몰 김포공항)",롯데몰 김포공항,쇼핑센터,182524.8238,451438.2509,생활/편의,쇼핑센터
영업/정상,서울특별시 강서구 강서로 267 (내발산동),롯데쇼핑(주)롯데슈퍼 우장산점,구분없음,185431.0666,449714.8138,생활/편의,슈퍼마켓
영업/정상,서울특별시 강서구 강서로56길 17 (등촌동),(주) 이랜드리테일 강서점,백화점,185824.4285,450866.2521,생활/편의,백화점
영업/정상,"서울특별시 강서구 양천로 476, 금부빌딩 (등촌동)",(주)이마트에브리데이 가양역점,구분없음,186966.0362,451047.2873,생활/편의,슈퍼마켓
영업/정상,서울특별시 강서구 까치산로 106 (화곡동),홈플러스익스프레스 화곡2점,구분없음,186614.4313,449481.2536,생활/편의,슈퍼마켓
영업/정상,서울특별시 구로구 구로중앙로 152 (구로동),이랜드리테일 NC구로점,복합쇼핑몰,189570.3609,444336.0513,생활/편의,복합쇼핑몰
영업/정상,서울특별시 강서구 마곡중앙로 143 (마곡동),LEWEST A관,그 밖의 대규모점포,184522.9078,451531.9245,생활/편의,그 밖의 대규모점포
영업/정상,"서울특별시 강서구 마곡중앙로 111 (마곡동, 롯데캐슬 르웨스트)",LEWEST B관,그 밖의 대규모점포,184504.7837,451283.5352,생활/편의,그 밖의 대규모점포
영업/정상,"서울특별시 구로구 중앙로3길 50 (고척동, 고척산업용품종합상가)",고척산업용품상가,그 밖의 대규모점포,187619.597,444186.9231,생활/편의,그 밖의 대규모점포
영업/정상,서울특별시 구로구 구일로10길 93 (구로동),사모아종합상가,그 밖의 대규모점포,189052.1018,443748.2793,생활/편의,그 밖의 대규모점포
영업/정상,"서울특별시 구로구 경인로 393-7 (고척동, 123전자타운)",일이삼전자타운,그 밖의 대규모점포,187826.6982,443925.5247,생활/편의,그 밖의 대규모점포
영업/정상,서울특별시 구로구 경인로53길 15 (구로동),중앙유통단지,그 밖의 대규모점포,188840.5159,444306.7711,생활/편의,그 밖의 대규모점포
영업/정상,"서울특별시 구로구 경인로 661, 신도림1차푸르지오 (신도림동)",홈플러스(주) 신도림점,대형마트,190005.1325,445250.5389,생활/편의,대형마트
영업/정상,서울특별시 구로구 구로중앙로 198 (구로동),서울구로기계공구상가,그 밖의 대규모점포,189277.7617,444671.5517,생활/편의,그 밖의 대규모점포
영업/정상,서울특별시 구로구 구로중앙로 237 (구로동),라이프공구상가,그 밖의 대규모점포,188907.9661,444898.3676,생활/편의,그 밖의 대규모점포
영업/정상,"서울특별시 구로구 경인로43길 42 (고척동, 고척산업용품상가)",고척산업용품상가,복합쇼핑몰,187619.597,444186.9231,생활/편의,복합쇼핑몰
영업/정상,서울특별시 구로구 고척로40길 19 (고척동),개봉프라자,시장,186769.6169,444433.2216,생활/편의,시장
영업/정상,서울특별시 구로구 중앙로 64 (고척동),고척스카이프라자,그 밖의 대규모점포,187798.8693,444629.7048,생활/편의,그 밖의 대규모점포
영업/정상,서울특별시 구로구 개봉로3길 51 (개봉동),개봉제일시장,그 밖의 대규모점포,186968.2885,442651.9078,생활/편의,그 밖의 대규모점포
영업/정상,"서울특별시 구로구 새말로 97 (구로동,외 31필지)",(주) 이마트 신도림점,대형마트,190232.5245,444978.6827,생활/편의,대형마트
영업/정상,서울특별시 구로구 구로중앙로 134 (구로동),나인스에비뉴,그 밖의 대규모점포,189682.7994,444193.86,생활/편의,그 밖의 대규모점포
영업/정상,서울특별시 구로구 구일로10길 93 (구로동),사모아종합상가,그 밖의 대규모점포,189052.1018,443748.2793,생활/편의,그 밖의 대규모점포
영업/정상,"서울특별시 구로구 새말로 97 (구로동,외 31필지)",신도림 테크노마트,그 밖의 대규모점포,190232.5245,444978.6827,생활/편의,그 밖의 대규모점포
영업/정상,서울특별시 구로구 디지털로32길 43 (구로동),(주)이마트 구로점,대형마트,190901.9779,442466.8134,생활/편의,대형마트
영업/정상,"서울특별시 구로구 경인로 319 (개봉동,외 1필지 대림프라자 101호)",홈플러스 익스프레스 개봉점,구분없음,187158.4438,443952.5619,생활/편의,슈퍼마켓
영업/정상,"서울특별시  구일로10길 27, B동 1층 (제118호,제119호,제121호~126호)",홈플러스 익스프레스 서울구로점,구분없음,188674.9951,443749.503,생활/편의,슈퍼마켓
영업/정상,서울특별시 구로구 개봉로17길 34 (개봉동),(주)이마트에브리데이 개봉동점,구분없음,187009.8043,443285.607,생활/편의,슈퍼마켓
영업/정상,"서울특별시 구로구 서해안로 2293 (오류동,외 2필지)",홈플러스 익스프레스 서울오류점,복합쇼핑몰,185756.1749,443268.099,생활/편의,복합쇼핑몰
영업/정상,서울특별시 구로구 중앙로3길 49 (고척동),동국종합상가,그 밖의 대규모점포,187718.8012,444056.9968,생활/편의,그 밖의 대규모점포
영업/정상,서울특별시 구로구 경인로54길 4 (구로동),공구상가일번지관리단,복합쇼핑몰,189134.1545,444274.7299,생활/편의,복합쇼핑몰
영업/정상,서울특별시 구로구 경인로 393-7 (고척동),일이삼전자타운,복합쇼핑몰,187826.6982,443925.5247,생활/편의,복합쇼핑몰
영업/정상,"서울특별시 금천구 시흥대로 315, 금천롯데캐슬골드파크4차 (독산동)",롯데캐슬 골드파크 4차 마르쉐도르 960,그 밖의 대규모점포,190799.833,439885.9413,생활/편의,그 밖의 대규모점포
영업/정상,서울특별시 금천구 시흥대로47길 43 (시흥동),럭키남서울상가,그 밖의 대규모점포,191026.6372,438701.2056,생활/편의,그 밖의 대규모점포
영업/정상,서울특별시 금천구 시흥대로 46 (시흥동),시흥중앙철재상가,그 밖의 대규모점포,191390.7851,437280.5742,생활/편의,그 밖의 대규모점포
영업/정상,서울특별시 금천구 시흥대로 109 (시흥동),시흥산업용재유통센타,그 밖의 대규모점포,191384.6063,437986.9408,생활/편의,그 밖의 대규모점포
영업/정상,서울특별시 금천구 범안로 1209 (독산동),유창상가,그 밖의 대규모점포,190771.5956,440515.669,생활/편의,그 밖의 대규모점포
영업/정상,서울특별시 금천구 시흥대로52길 70 (시흥동),대명합동시장,그 밖의 대규모점포,191241.0484,439137.9921,생활/편의,시장
영업/정상,"서울특별시 금천구 시흥대로 391, 홈플러스 금천점 (독산동)",홈플러스(주) 금천점,대형마트,190809.5078,440728.3823,생활/편의,대형마트
영업/정상,"서울특별시 금천구 시흥대로 201, 홈플러스테스테스코(주)시흥점 (시흥동)",홈플러스 주식회사,대형마트,191152.4326,438865.1607,생활/편의,대형마트
영업/정상,서울특별시 금천구 디지털로 185 (가산동),마리오아울렛 1관,쇼핑센터,189943.2343,441784.2475,생활/편의,쇼핑센터
영업/정상,"서울특별시 금천구 벚꽃로 30 (독산동, 금천롯데캐슬골드파크2차)",롯데캐슬 골드파크 2차 마르쉐도르,그 밖의 대규모점포,190567.4183,439569.4015,생활/편의,그 밖의 대규모점포
영업/정상,서울특별시 금천구 시흥대로 399 (독산동),시티렉스,쇼핑센터,190858.6495,440808.5413,생활/편의,쇼핑센터
영업/정상,서울특별시 금천구 남부순환로120길 23 (독산동),푸른터시장,그 밖의 대규모점포,191210.5177,441768.8339,생활/편의,시장
영업/정상,"서울특별시 금천구 시흥대로 97 (시흥동, 시흥유통상가)",시흥산업용재유통센터,그 밖의 대규모점포,191226.2874,437914.063,생활/편의,그 밖의 대규모점포
영업/정상,서울특별시 금천구 시흥대로 201 (시흥동),홈플러스 시흥점,대형마트,191152.4326,438865.1607,생활/편의,대형마트
영업/정상,서울특별시 금천구 가산로 106 (가산동),홈플러스(주)익스프레스 가산점,구분없음,190527.9185,441484.8659,생활/편의,슈퍼마켓
영업/정상,서울특별시 금천구 벚꽃로 266 (가산동),마리오아울렛 3관,쇼핑센터,189759.7131,441814.1159,생활/편의,쇼핑센터
영업/정상,서울특별시 금천구 디지털로10길 9 (가산동),현대아울렛,쇼핑센터,190119.4634,441716.6846,생활/편의,쇼핑센터
영업/정상,서울특별시 금천구 디지털로 178 (가산동),가산퍼블릭 상업시설,그 밖의 대규모점포,189930.5079,441616.4607,생활/편의,그 밖의 대규모점포
영업/정상,"서울특별시 금천구 시흥대로 291(독산동, 금천롯데캐슬골드파크3차)",롯데쇼핑(주) 롯데마트 금천점,쇼핑센터,190838.3248,439761.362,생활/편의,쇼핑센터
영업/정상,서울특별시 금천구 금하로 705 (시흥동),시흥중앙시장,그 밖의 대규모점포,191823.0268,438834.3781,생활/편의,그 밖의 대규모점포
영업/정상,서울특별시 금천구 시흥대로 391 (독산동),삼성테스코(주)홈플러스 금천점,대형마트,190809.5078,440728.3823,생활/편의,대형마트
영업/정상,서울특별시 금천구 시흥대로 391 (독산동),삼성테스코(주)홈플러스 금천점,대형마트,190809.5078,440728.3823,생활/편의,대형마트
영업/정상,"서울특별시 영등포구 신풍로 28, B137호 (신길동, 비스타동원)",(주)이마트에브리데이 신풍역점,구분없음,191902.2698,444157.3724,생활/편의,슈퍼마켓
영업/정상,서울특별시 영등포구  당산로  42 (문래동3가),홈플러스(주) 영등포점,대형마트,190729.5065,446227.075,생활/편의,대형마트
영업/정상,서울특별시 영등포구 당산로 34 (문래동3가),로데오 왁,전문점,190644.1207,446104.9252,생활/편의,전문점
영업/정상,서울특별시 영등포구 선유로 156 (양평동3가),코스트코 홀세일,대형마트,190408.5091,447298.0222,생활/편의,대형마트
영업/정상,서울특별시 영등포구 영등포로 225 (영등포동5가),영신상가,그 밖의 대규모점포,191691.1679,446411.0071,생활/편의,그 밖의 대규모점포
영업/정상,서울특별시 영등포구 경인로 846 (영등포동),롯데백화점 영등포점,백화점,191741.3458,445970.3076,생활/편의,백화점
영업/정상,서울특별시 영등포구 선유로 156 (양평동3가),코스트코홀세일,그 밖의 대규모점포,190408.5091,447298.0222,생활/편의,그 밖의 대규모점포
영업/정상,서울특별시 영등포구 도신로60길 7 (신길동),대신시장,그 밖의 대규모점포,192643.7024,445431.5209,생활/편의,그 밖의 대규모점포
영업/정상,서울특별시 영등포구 대림로29길 13 (대림동),두암종합시장,그 밖의 대규모점포,190916.9114,443681.7667,생활/편의,그 밖의 대규모점포
영업/정상,서울특별시 영등포구 영등포로37길 4 (영등포동5가),동남시장,그 밖의 대규모점포,191590.8783,446489.4195,생활/편의,그 밖의 대규모점포
영업/정상,서울특별시 영등포구 영등포로 109 (당산동2가),영등포유통상가,그 밖의 대규모점포,190555.769,446698.8143,생활/편의,그 밖의 대규모점포
영업/정상,서울특별시 영등포구 선유로 138 (양평동3가),롯데쇼핑(주) 롯데마트 양평점,대형마트,190352.3217,447095.6412,생활/편의,대형마트
영업/정상,서울특별시 영등포구 국제금융로 10 (여의도동),아이에프씨몰(IFC Mall),복합쇼핑몰,193326.931,446973.9146,생활/편의,복합쇼핑몰
영업/정상,"서울특별시 영등포구 문래로 164, 영등포 SK 리더스뷰 (문래동3가)",룩스쇼핑센터,전문점,191087.759,446157.4373,생활/편의,전문점
영업/정상,"서울특별시 영등포구 여의동로3길 10 (여의도동,여의도자이(아) 지하 1층)",신세계 이마트 여의도점,대형마트,193393.0966,446218.4438,생활/편의,대형마트
영업/정상,서울특별시 영등포구 영중로 15 (영등포동4가),타임스퀘어,쇼핑센터,191385.0574,446098.5559,생활/편의,쇼핑센터
영업/정상,서울특별시 영등포구 대림로 251 (대림동),롯데슈퍼 대림점,구분없음,190721.4179,444571.7693,생활/편의,슈퍼마켓
영업/정상,서울특별시 영등포구 여의대방로 65 (신길동),홈플러스(주) 익스프레스 신길점,구분없음,192275.2997,443891.0734,생활/편의,슈퍼마켓
영업/정상,"서울특별시 영등포구 대림로29길 13 (대림동, 대림동 쌍용 플래티넘-S)",두암상가,그 밖의 대규모점포,190916.9114,443681.7667,생활/편의,그 밖의 대규모점포
영업/정상,"서울특별시 영등포구 영중로 9 (영등포동4가, 신세계백화점)",(주)신세계 타임스퀘어점,백화점,191581.5003,446108.8072,생활/편의,백화점
영업/정상,서울특별시 영등포구 여의동로3길 10 (여의도동),(주)이마트 여의도점,대형마트,193393.0966,446218.4438,생활/편의,대형마트
영업/정상,서울특별시 영등포구 도신로 75 (도림동),홈플러스(주) 익스프레스 도림점,구분없음,191157.1393,444953.0052,생활/편의,슈퍼마켓
영업/정상,서울특별시 영등포구 가마산로69가길 12 (신길동),홈플러스(주) 익스프레스 신길3점,구분없음,191936.2544,444885.1687,생활/편의,슈퍼마켓
영업/정상,서울특별시 영등포구 영등포로 364 (신길동),홈플러스(주) 익스프레스 신길2점,구분없음,192712.7693,445770.103,생활/편의,슈퍼마켓
영업/정상,서울특별시 영등포구 여의대로 108 (여의도동),THE HYUNDAI SEOUL,백화점,193592.0004,447092.6294,생활/편의,백화점
영업/정상,"서울특별시 영등포구 신길로 162, 1층 일부 (신길동)",GS THE FRESH 신길사러가점,구분없음,192108.9259,444944.1538,생활/편의,슈퍼마켓
영업/정상,"서울특별시 영등포구 선유서로24길 6 (양평동1가, 영등포 중흥 S-CLASS)",영등포 중흥 에스클래스,그 밖의 대규모점포,189877.1865,446802.0046,생활/편의,그 밖의 대규모점포
영업/정상,서울특별시 영등포구 영중로 125 (영등포동8가),롯데쇼핑(주) 롯데마트맥스 영등포점,구분없음,191503.3861,447289.5484,생활/편의,슈퍼마켓
영업/정상,서울특별시 동작구 여의대방로 250,대림쇼핑타운,시장,193273.484,445011.2501,생활/편의,시장
영업/정상,서울특별시 동작구 사당로 215 (사당동),홈플러스(주) 익스프레스 남성점,복합쇼핑몰,197507.8344,442470.9296,생활/편의,복합쇼핑몰
영업/정상,"서울특별시 영등포구 문래북로 8, 1층 101~106호 (문래동6가)",GS THE FRESH 문래점,구분없음,189825.7431,446574.1766,생활/편의,슈퍼마켓
영업/정상,서울특별시 동작구 서달로 150 (흑석동),해가든프라자,그 밖의 대규모점포,196587.0306,444939.4554,생활/편의,그 밖의 대규모점포
영업/정상,"서울특별시 동작구 상도로 102 (상도동, 성대시장)",성대종합시장,그 밖의 대규모점포,193896.3848,444196.4848,생활/편의,그 밖의 대규모점포
영업/정상,서울특별시 동작구 상도로 81 (대방동),(주)이마트에브리데이 대방동점,복합쇼핑몰,193699.1899,444190.8446,생활/편의,복합쇼핑몰
영업/정상,"서울특별시 동작구 사당로 300 (사당동, 이수자이)",(주)이마트에브리데이 이수점,복합쇼핑몰,198202.4725,442471.241,생활/편의,복합쇼핑몰
영업/정상,서울특별시 동작구 상도로31길 19 (상도동),(주)이마트에브리데이 상도동점,그 밖의 대규모점포,194963.2747,444866.8456,생활/편의,그 밖의 대규모점포
영업/정상,"서울특별시 동작구 동작대로29길 110 (사당동, 신동아아파트)",(주)이마트에브리데이 사당동점,그 밖의 대규모점포,197802.4366,443049.214,생활/편의,그 밖의 대규모점포
영업/정상,서울특별시 동작구 노량진로 4 (대방동),(주)홈플러스 대방점,그 밖의 대규모점포,193393.3064,445577.5132,생활/편의,그 밖의 대규모점포
영업/정상,서울특별시 동작구 만양로 26 (상도동),홈플러스 익스프레스 상도2점,구분없음,195489.4234,444995.6756,생활/편의,슈퍼마켓
영업/정상,서울특별시 동작구  양녕로  170 (상도동),홈플러스 익스프레스 상도3점,구분없음,194941.0306,443848.079,생활/편의,슈퍼마켓
영업/정상,"서울특별시 동작구 상도로30길 40, 판매/근생시설동 1층 125~131호 (상도동, 상도2차두산위브트레지움아파트)",GS THE FRESH 동작구청점,구분없음,194870.3844,444631.1127,생활/편의,슈퍼마켓
영업/정상,"서울특별시 동작구 상도로 346-1 (상도동, 상도엠코타운 센트럴파크)",GS더프레시 동작상도점,구분없음,195585.914,443690.5954,생활/편의,슈퍼마켓
영업/정상,서울특별시 관악구 조원로16길 27 (신림동),신림중앙시장,시장,192096.3496,442339.2136,생활/편의,시장
영업/정상,"서울특별시 관악구 청림6길 3, 관악푸르지오 상가동 110,113,114호 (봉천동)",GS THE FRESH 관악청림점,구분없음,196384.5443,442822.9803,생활/편의,슈퍼마켓
영업/정상,서울특별시 관악구 신림로23길 16 (신림동),일성트루엘상가,그 밖의 대규모점포,194135.7727,440917.8451,생활/편의,그 밖의 대규모점포
영업/정상,서울특별시 관악구 난곡로26길 4 (신림동),우림시장,그 밖의 대규모점포,192893.3475,440903.8196,생활/편의,그 밖의 대규모점포
영업/정상,서울특별시 관악구 청림3길 10 (봉천동),관악쇼핑,그 밖의 대규모점포,196347.0993,442938.7224,생활/편의,그 밖의 대규모점포
영업/정상,서울특별시 관악구 남부순환로248길 35 (봉천동),원당종합시장,그 밖의 대규모점포,196912.8336,441358.8932,생활/편의,그 밖의 대규모점포
영업/정상,서울특별시 관악구 양녕로 46 (봉천동),홈플러스 익스프레스 봉천점,구분없음,195274.3433,442663.4986,생활/편의,슈퍼마켓
영업/정상,서울특별시 관악구 은천로 51 (봉천동),(주)이마트에브리데이 봉천동점,구분없음,194770.4174,442676.8314,생활/편의,슈퍼마켓
영업/정상,서울특별시 관악구 난곡로 220 (신림동),(주)천성세이브마트,그 밖의 대규모점포,192674.9407,441352.7131,생활/편의,그 밖의 대규모점포
영업/정상,서울특별시 관악구 과천대로 909 (남현동),홈플러스 서울남현점,대형마트,198374.4733,441033.513,생활/편의,대형마트
영업/정상,서울특별시 관악구 신림로 330 (신림동),타임스트림,복합쇼핑몰,193754.4274,442407.2012,생활/편의,복합쇼핑몰
영업/정상,서울특별시 관악구 봉천로 576 (봉천동),GS THE FRESH 낙성대점,구분없음,196501.1598,441640.881,생활/편의,슈퍼마켓
영업/정상,서울특별시 관악구 쑥고개로 111 (봉천동),GS THE FRESH 관악점,구분없음,195431.4654,441896.3029,생활/편의,슈퍼마켓
영업/정상,서울특별시 관악구 은천로 28 봉일프라자,봉일시장,그 밖의 대규모점포,194486.2705,442632.4695,생활/편의,그 밖의 대규모점포
영업/정상,서울특별시 관악구 양녕로 49 (봉천동),봉천현대시장,시장,195206.0569,442716.3017,생활/편의,시장
영업/정상,서울특별시 송파구 오금로32길 32 (송파동),(주)지에스리테일 송파2점,구분없음,210432.7264,444603.0037,생활/편의,슈퍼마켓
영업/정상,서울특별시 관악구 관악로 212 (봉천동),관악프라자,쇼핑센터,195963.3353,442381.536,생활/편의,쇼핑센터
영업/정상,서울특별시 관악구 관악로40길 47 (봉천동),관악현대상가,그 밖의 대규모점포,196257.8337,443341.3794,생활/편의,그 밖의 대규모점포
영업/정상,서울특별시 관악구 신림로29길 8 (신림동),신림현대종합상가,시장,193957.9443,441437.7749,생활/편의,시장
영업/정상,서울특별시 관악구 신림로 340 (신림동),르네상스쇼핑몰(주),복합쇼핑몰,193746.8338,442510.7751,생활/편의,복합쇼핑몰
영업/정상,서울특별시 관악구 남부순환로 1820 (봉천동),라붐아울렛,복합쇼핑몰,195703.0437,442094.0858,생활/편의,복합쇼핑몰
영업/정상,"서울특별시 관악구 국회단지길 7, 1층 (봉천동)",GS THE FRESH 관악은천점,구분없음,194553.8384,442719.4132,생활/편의,슈퍼마켓
영업/정상,서울특별시 서초구 방배중앙로 198 (방배동),롯데쇼핑(주)롯데슈퍼 방배점,쇼핑센터,198660.6163,443855.5734,생활/편의,쇼핑센터
영업/정상,서울특별시 방배로33길 29,롯데슈퍼 방배2점,구분없음,198984.3648,443229.8359,생활/편의,슈퍼마켓
영업/정상,서울특별시 서초구 신반포로 23 (반포동),엘루체,그 밖의 대규모점포,198791.788,444392.6725,생활/편의,그 밖의 대규모점포
영업/정상,서울특별시 서초구 사임당로 151 (서초동),무지개쇼핑,그 밖의 대규모점포,202216.05,443352.0246,생활/편의,그 밖의 대규모점포
영업/정상,서울특별시 서초구 효령로 304 (서초동),국제전자도매센타,전문점,201501.6727,442505.5731,생활/편의,전문점
영업/정상,서울특별시 서초구 신반포로3길 8 (반포동),반포프라자,그 밖의 대규모점포,198776.1135,444432.3252,생활/편의,그 밖의 대규모점포
영업/정상,서울특별시 서초구 사임당로 130 (서초동),신동아종합상가,그 밖의 대규모점포,202099.716,443138.594,생활/편의,그 밖의 대규모점포
영업/정상,서울특별시 서초구 방배천로16길 18 (방배동),방배종합시장,그 밖의 대규모점포,198492.7972,442199.2683,생활/편의,그 밖의 대규모점포
영업/정상,서울특별시 서초구 신반포로15길 29 (반포동),신반포종합시장,그 밖의 대규모점포,199448.513,444800.5508,생활/편의,그 밖의 대규모점포
영업/정상,서울특별시 서초구 나루터로 37 (잠원동),신사쇼핑,그 밖의 대규모점포,201230.6934,445992.4593,생활/편의,그 밖의 대규모점포
영업/정상,서울특별시 서초구 서초중앙로22길 25 (서초동),대림서초리시온,그 밖의 대규모점포,201295.7,443474.5249,생활/편의,그 밖의 대규모점포
영업/정상,서울특별시 서초구 서초중앙로 188 (서초동),아크로비스타 아케이드,그 밖의 대규모점포,201107.6347,443999.0671,생활/편의,그 밖의 대규모점포
영업/정상,서울특별시 서초구 매헌로 16 (양재동),하이브랜드,그 밖의 대규모점포,203204.7556,440136.7812,생활/편의,그 밖의 대규모점포
영업/정상,서울특별시 서초구 강남대로 465 (서초동),교보타워 지하아케이드,전문점,202058.6747,444618.1673,생활/편의,전문점
영업/정상,서울특별시 서초구 방배로33길 29 (방배동),이수시장,그 밖의 대규모점포,198984.3648,443229.8359,생활/편의,그 밖의 대규모점포
영업/정상,서울특별시 서초구 양재대로 159 (양재동),코스트코코리아,대형마트,203123.8704,439984.8475,생활/편의,대형마트
영업/정상,서울특별시 서초구 잠원로 51 (잠원동),뉴코아아울렛,전문점,200576.6086,445241.8984,생활/편의,전문점
영업/정상,서울특별시 서초구 신반포로3길 8 (반포동),반포프라자,그 밖의 대규모점포,198776.1135,444432.3252,생활/편의,그 밖의 대규모점포
영업/정상,"서울특별시 서초구 효령로 391 (서초동, 무지개아파트)",무지개종합상가,그 밖의 대규모점포,202245.3779,442987.987,생활/편의,그 밖의 대규모점포
영업/정상,서울특별시 서초구 신반포로 194 (반포동),터미널상가,그 밖의 대규모점포,200554.744,444811.3648,생활/편의,그 밖의 대규모점포
영업/정상,"서울특별시 서초구 매헌로 16 (양재동,하이브랜드 지하1층)",(주)이마트 양재점,대형마트,203204.7556,440136.7812,생활/편의,대형마트
영업/정상,서울특별시 서초구 고무래로 90-7 (서초동),서초쇼핑,그 밖의 대규모점포,201472.6689,444193.267,생활/편의,그 밖의 대규모점포
영업/정상,서울특별시 서초구 서초중앙로 220 (반포동),한양스토아,그 밖의 대규모점포,201100.601,444376.5329,생활/편의,그 밖의 대규모점포
영업/정상,서울특별시 서초구 신반포로 176 (반포동),신세계백화점 강남점,대형마트,200250.4478,444683.2205,생활/편의,대형마트
영업/정상,"서울특별시 강남구 압구정로 312, 1층 (신사동)",GS THE FRESH 압구정점,구분없음,203069.4412,447391.1304,생활/편의,슈퍼마켓
영업/정상,"서울특별시 강남구 압구정로2길 46, 1층 (신사동, ---------)",이마트에브리데이 강남시장점,구분없음,201757.4941,446282.4545,생활/편의,슈퍼마켓
영업/정상,서울특별시 강남구 압구정로29길 72-1 (압구정동),신사상가,그 밖의 대규모점포,202440.3389,447782.5132,생활/편의,그 밖의 대규모점포
영업/정상,서울특별시 송파구 올림픽로 240 (잠실동),롯데백화점 잠실점,백화점,208589.3633,445455.9041,생활/편의,백화점
영업/정상,"서울특별시 강남구 압구정로 407 (압구정동, 갤러리아백화점)",갤러리아백화점(동관),백화점,203604.7617,447316.2228,생활/편의,백화점
영업/정상,서울특별시 강남구 학동로101길 26 (청담동),청담삼익시장,그 밖의 대규모점포,205034.1584,446675.9324,생활/편의,그 밖의 대규모점포
영업/정상,"서울특별시 강남구 남부순환로 2912 (대치동, 개포우성아파트)",그랑프리,그 밖의 대규모점포,204992.4516,443183.5761,생활/편의,그 밖의 대규모점포
영업/정상,서울특별시 강남구 남부순환로 2917 (대치동),청실종합상가,그 밖의 대규모점포,205154.6381,443439.9816,생활/편의,그 밖의 대규모점포
영업/정상,서울특별시 강남구 삼성로64길 41 (대치동),대치종합상가,그 밖의 대규모점포,205558.1599,444312.0789,생활/편의,그 밖의 대규모점포
영업/정상,"서울특별시 강남구 개포로109길 5 (개포동, 대청아파트)",대치1단지상가,그 밖의 대규모점포,206581.7871,443555.9912,생활/편의,그 밖의 대규모점포
영업/정상,"서울특별시 강남구 개포로109길 21 (개포동, 대청아파트)",대치2단지상가,그 밖의 대규모점포,206581.7871,443555.9912,생활/편의,그 밖의 대규모점포
영업/정상,서울특별시 강남구 도곡로 401 (대치동),롯데백화점(강남점),백화점,204669.5434,443873.6212,생활/편의,백화점
영업/정상,서울특별시 강남구 테헤란로87길 22-0 (삼성동),도심공항몰(CALT MALL),쇼핑센터,205170.9597,445264.9363,생활/편의,쇼핑센터
영업/정상,"서울특별시 강남구 강남대로 432 (역삼동, 점프밀라노)",점프밀라노,그 밖의 대규모점포,202271.6949,444339.881,생활/편의,그 밖의 대규모점포
영업/정상,"서울특별시 강남구 삼성로 633, 1층 (삼성동, 삼광빌딩)",노브랜드 삼성점,구분없음,204455.655,446026.11,생활/편의,슈퍼마켓
영업/정상,서울특별시 강남구 봉은사로 524 (삼성동),웨스틴 서울 파르나스 아케이드,쇼핑센터,205130.5917,445590.0968,생활/편의,쇼핑센터
영업/정상,서울특별시 강남구 테헤란로 521 (삼성동),파르나스몰(PARNAS MALL),쇼핑센터,205314.1599,445204.7093,생활/편의,쇼핑센터
영업/정상,서울특별시 강남구 영동대로 513 (삼성동),코엑스 몰,복합쇼핑몰,205340.6311,445354.5711,생활/편의,복합쇼핑몰
영업/정상,서울특별시 압구정로 201 (구현대아파트),금강상가,그 밖의 대규모점포,202485.2265,447521.5203,생활/편의,그 밖의 대규모점포
영업/정상,서울특별시 강남구 남부순환로 2921 (대치동),남서울종합시장,그 밖의 대규모점포,205209.7471,443490.8173,생활/편의,그 밖의 대규모점포
영업/정상,서울특별시 강남구 역삼로 310 (역삼동),(주)이마트 역삼점,대형마트,204213.6432,444113.0282,생활/편의,대형마트
영업/정상,서울특별시 강남구 학동로43길 38 (논현동),논현웰스톤상가,그 밖의 대규모점포,203292.307,446247.5115,생활/편의,그 밖의 대규모점포
영업/정상,"서울특별시 강남구 남부순환로 2804 (도곡동, 아카데미스위트)",아카데미프라자,그 밖의 대규모점포,204538.1449,442942.8535,생활/편의,그 밖의 대규모점포
영업/정상,서울특별시 강남구 삼성로103길 12 (삼성동),삼성동 신도브래뉴 주상복합 상가,그 밖의 대규모점포,204652.111,445353.1744,생활/편의,그 밖의 대규모점포
영업/정상,"서울특별시 강남구 강남대로124길 22, 3층 301호 (논현동)",영동전통시장,그 밖의 대규모점포,202023.3952,445302.9159,생활/편의,그 밖의 대규모점포
영업/정상,서울특별시 강남구 학동로4길 15 (논현동),동화상가(주),그 밖의 대규모점포,202010.0103,445368.1318,생활/편의,그 밖의 대규모점포
영업/정상,서울특별시 강남구 학동로 176 (논현동),홈플러스익스프레스 학동역점,구분없음,202599.5121,445700.2739,생활/편의,슈퍼마켓
영업/정상,"서울특별시 강남구 삼성로 150 (대치동, 한보미도맨션)",한보종합상가,그 밖의 대규모점포,205886.2868,443467.6118,생활/편의,그 밖의 대규모점포
영업/정상,서울특별시 강남구 역삼로 310 (역삼동),한솔필리아,그 밖의 대규모점포,204213.6432,444113.0282,생활/편의,그 밖의 대규모점포
영업/정상,서울특별시 강남구 압구정로2길 46 (신사동),강남시장,복합쇼핑몰,201757.4941,446282.4545,생활/편의,복합쇼핑몰
영업/정상,서울특별시 강남구 봉은사로33길 33 (논현동),논현종합시장,그 밖의 대규모점포,203005.088,445311.31,생활/편의,그 밖의 대규모점포
영업/정상,"서울특별시 강남구 언주로 726 (논현동, 두산빌딩)",두산아케이드,그 밖의 대규모점포,203050.7839,446316.514,생활/편의,그 밖의 대규모점포
영업/정상,"서울특별시 강남구 양재대로55길 6 (일원동, 도시개발아파트)",수서1-2단지상가,그 밖의 대규모점포,207748.4871,443240.945,생활/편의,그 밖의 대규모점포
영업/정상,"서울특별시 강남구 압구정로 165 (압구정동, 현대백화점본점)",(주)현대백화점 본점,백화점,202358.5057,447232.9557,생활/편의,백화점
영업/정상,"서울특별시 강남구 테헤란로 517 (삼성동, 무역센터현대백화점)",현대백화점 무역센터점,백화점,205210.3588,445154.4223,생활/편의,백화점
영업/정상,"서울특별시 강남구 압구정로 343 (압구정동, 갤러리아백화점)",갤러리아백화점(서관),백화점,203470.8484,447369.5799,생활/편의,백화점
영업/정상,서울특별시 강남구 압구정로46길 5-2 (신사동),홈플러스 익스프레스 압구정점,구분없음,203191.2571,447312.9037,생활/편의,슈퍼마켓
영업/정상,"서울특별시 강남구 압구정로18길 25 (신사동, 한국산업양행빌딩)",GS THE FRESH 신사점,구분없음,202167.013,446808.0756,생활/편의,슈퍼마켓
영업/정상,"서울특별시 강남구 테헤란로 231, 센터필드 (역삼동)",더 샵스 앳 센터필드 (THE SHOPS AT CENTERFIELD),그 밖의 대규모점포,203599.0628,444556.0623,생활/편의,그 밖의 대규모점포
영업/정상,"서울특별시 강남구 도산대로89길 35, 지상1층 107, 108호 (청담동, 청담범신칼릭스빌2차)",GS THE FRESH 청담점,대형마트,204504.3687,447166.9913,생활/편의,대형마트
영업/정상,서울특별시 송파구 올림픽로 300-0 (신천동),롯데하이마트 월드타워점,전문점,209074.9008,445657.8093,생활/편의,전문점
영업/정상,서울특별시 송파구 올림픽로 203 (잠실동),(주)지에스리테일 잠실점,구분없음,208187.6235,445589.7186,생활/편의,슈퍼마켓
영업/정상,서울특별시 송파구 올림픽로 300 (신천동),롯데월드몰,쇼핑센터,209074.9008,445657.8093,생활/편의,쇼핑센터
영업/정상,"서울특별시 송파구 올림픽로 300, 롯데월드타워앤드롯데월드몰 (신천동)",롯데백화점 에비뉴엘 월드타워점,백화점,209074.9008,445657.8093,생활/편의,백화점
영업/정상,"서울특별시 송파구 문정로 1, 지층 B104호-B107호 (문정동, 문정역 마에스트로)",GS THE FRESH 문정역점,구분없음,210813.5131,442691.1806,생활/편의,슈퍼마켓
영업/정상,서울특별시 송파구 마천로45길 23 (마천동),마천시장,그 밖의 대규모점포,213247.1961,444020.5685,생활/편의,그 밖의 대규모점포
영업/정상,서울특별시 송파구 올림픽로4길 40 (잠실동),프리마 쇼핑센타,그 밖의 대규모점포,206397.348,444963.2339,생활/편의,그 밖의 대규모점포
영업/정상,서울특별시 송파구 석촌호수로 133 (잠실동),홈플러스(주)익스프레스 잠실점,구분없음,208045.233,445054.4108,생활/편의,슈퍼마켓
영업/정상,서울특별시 송파구 가락로28길 7 (송파동),홈플러스(주) 익스프레스 송파점,구분없음,210252.9067,444914.3074,생활/편의,슈퍼마켓
영업/정상,서울특별시 송파구 가락로 103 (석촌동),엄마손상가,그 밖의 대규모점포,209440.7265,444369.4957,생활/편의,그 밖의 대규모점포
영업/정상,서울특별시 송파구 충민로 10 (문정동),가든파이브 툴,쇼핑센터,210480.282,441833.1632,생활/편의,쇼핑센터
영업/정상,서울특별시 송파구 충민로 66 (문정동),가든파이브 라이프,그 밖의 대규모점포,210986.4607,441725.2935,생활/편의,그 밖의 대규모점포
영업/정상,서울특별시 송파구 마천로 315 (마천동),송파쇼핑센타,그 밖의 대규모점포,213279.7811,443674.6829,생활/편의,그 밖의 대규모점포
영업/정상,서울특별시 송파구 양재대로72길 5 (오금동),올림픽파크동부센트레빌 상가,그 밖의 대규모점포,211217.0019,445334.1517,생활/편의,그 밖의 대규모점포
영업/정상,서울특별시 송파구 동남로 189 (가락동),쌍용프라자 상가,그 밖의 대규모점포,211259.9098,443711.7029,생활/편의,그 밖의 대규모점포
영업/정상,서울특별시 송파구 올림픽로35가길 16 (신천동),홈플러스(주)잠실점,대형마트,209039.148,446007.9668,생활/편의,대형마트
영업/정상,서울특별시 송파구 올림픽로 240 (잠실동),롯데하이마트잠실점,전문점,208589.3633,445455.9041,생활/편의,전문점
영업/정상,서울특별시 송파구 양재대로 1222 (방이동),올림픽프라자상가,그 밖의 대규모점포,211619.368,445963.3849,생활/편의,그 밖의 대규모점포
영업/정상,"서울특별시 송파구 오금로31가길 20 (방이동, 대림아파트)",(주)지에스리테일 방이점,구분없음,210908.9845,445042.9203,생활/편의,슈퍼마켓
영업/정상,서울특별시 송파구 올림픽로 240 (잠실동),롯데쇼핑(주)롯데마트 제타플렉스 잠실점,대형마트,208589.3633,445455.9041,생활/편의,대형마트
영업/정상,서울특별시 송파구 올림픽로 269 (신천동),롯데캐슬플라자,쇼핑센터,208836.1921,445807.7274,생활/편의,쇼핑센터
영업/정상,서울특별시 송파구 올림픽로 212 (잠실동),갤러리아팰리스 아케이드,그 밖의 대규모점포,208233.927,445435.2576,생활/편의,그 밖의 대규모점포
영업/정상,"서울특별시 송파구 백제고분로 207 (삼전동, 제이 플레이스)",홈플러스 익스프레스 삼전역점,구분없음,207875.5963,444672.586,생활/편의,슈퍼마켓
영업/정상,서울특별시 오금로 512,홈플러스(주)익스프레스 거여점,구분없음,212800.7,443397.2619,생활/편의,슈퍼마켓
영업/정상,서울특별시 송파구 백제고분로34길 3 (석촌동),롯데쇼핑(주)롯데슈퍼석촌점,구분없음,208675.8128,444446.0535,생활/편의,슈퍼마켓
영업/정상,서울특별시 송파구 양재대로72길 5 (오금동),농협하나로마트방이역점,구분없음,211217.0019,445334.1517,생활/편의,슈퍼마켓
영업/정상,서울특별시 송파구 백제고분로33길 25 (석촌동),GS THE FRESH 송파석촌호수점,구분없음,208648.8501,444767.4404,생활/편의,슈퍼마켓
영업/정상,서울특별시 송파구 중대로9길 35 (가락동),(주)이마트에브리데이 가락동점,구분없음,210391.462,443796.027,생활/편의,슈퍼마켓
영업/정상,"서울특별시 송파구 송파대로 111, 하비오길동 제1층 호텔로 202동 (문정동, 파크하비오)",GS THE FRESH 송파하비오점,구분없음,210868.3975,442053.2279,생활/편의,슈퍼마켓
영업/정상,서울특별시 송파구  올림픽로51길  52 (풍납동),홈플러스(주)익스프레스 풍납점,구분없음,210378.825,447916.0439,생활/편의,슈퍼마켓
영업/정상,"서울특별시 송파구 송파대로 345 (가락동, 헬리오시티)",이마트에브리데이 송파점,구분없음,209412.1978,443928.7833,생활/편의,슈퍼마켓
영업/정상,서울특별시 송파구 동남로20길 24 (가락동),롯데프레시송파가락가맹점,구분없음,211822.1007,443697.7397,생활/편의,슈퍼마켓
영업/정상,서울특별시 강동구 양재대로89길 16 (성내동),파크프라자 상가,그 밖의 대규모점포,211838.3543,447195.6768,생활/편의,그 밖의 대규모점포
영업/정상,서울특별시 강동구 천호대로 1017 (천호동),(주)이마트천호점,대형마트,211025.925,448495.1892,생활/편의,대형마트
영업/정상,서울특별시 강동구 구천면로 189 (천호동),이천일아울렛 천호점,그 밖의 대규모점포,211055.4862,448786.6974,생활/편의,그 밖의 대규모점포
영업/정상,서울특별시 강동구 천호대로162길 34 (성내동),이안강동주상복합상가,그 밖의 대규모점포,211238.6611,448150.5958,생활/편의,그 밖의 대규모점포
영업/정상,서울특별시 강동구 진황도로 99 (길동),강동한신휴플러스,그 밖의 대규모점포,212081.0199,448209.1248,생활/편의,그 밖의 대규모점포
영업/정상,서울특별시 강동구 양재대로 1571 (천호동),홈플러스 강동점,대형마트,212501.3691,449282.3104,생활/편의,대형마트
영업/정상,서울특별시 강동구 양재대로124길 32 (길동),동서울오네뜨상가,그 밖의 대규모점포,212624.8914,448937.8114,생활/편의,그 밖의 대규모점포
영업/정상,"서울특별시 강동구 천호대로 1005 (천호동, 현대백화점)",현대백화점 천호점,백화점,210929.9197,448537.4067,생활/편의,백화점
영업/정상,서울특별시 강동구 고덕로 276 (명일동),(주)이마트명일점,그 밖의 대규모점포,213700.8777,450278.1009,생활/편의,그 밖의 대규모점포
영업/정상,서울특별시 강동구  고덕로62길  55 (명일동),주양쇼핑,그 밖의 대규모점포,213493.9072,450038.8473,생활/편의,그 밖의 대규모점포
영업/정상,서울특별시 강동구 고덕로24길 50 (암사동),홈플러스(주) 익스프레스 암사점,구분없음,211868.2443,450020.3552,생활/편의,슈퍼마켓
영업/정상,서울특별시 강동구 풍성로 138 (성내동),홈플러스(주) 익스프레스 성내점,구분없음,211185.4977,447670.8521,생활/편의,슈퍼마켓
영업/정상,"서울특별시 강동구 명일로 375, 삼익그린맨션 지하1층 (명일동)",(주)이마트에브리데이 명일동점,구분없음,213048.6922,450124.1057,생활/편의,슈퍼마켓
영업/정상,서울특별시 강동구 양재대로 1486 (길동),홈플러스(주)익스프레스 길동점,구분없음,212349.3738,448466.1056,생활/편의,슈퍼마켓
영업/정상,서울특별시 강동구 올림픽로 528 (성내동),(주)농협유통 하나로마트 성내점,구분없음,210566.8756,447402.6297,생활/편의,슈퍼마켓
영업/정상,서울특별시 강동구 양재대로 1630 (명일동),(주)지에스리테일 명일점,구분없음,212676.1622,449910.8816,생활/편의,슈퍼마켓
영업/정상,서울특별시 강동구 성안로 176 (길동),롯데쇼핑㈜롯데슈퍼길동점,구분없음,211983.1816,448483.8891,생활/편의,슈퍼마켓
영업/정상,서울 강동구 고덕비즈밸리로 51,고덕비즈밸리 유통판매 복합시설,복합쇼핑몰,213847.9237,451564.47,생활/편의,복합쇼핑몰
영업/정상,서울특별시 강동구 진황도로 12 (천호동),천호코오롱상가,그 밖의 대규모점포,211279.0302,448548.8197,생활/편의,그 밖의 대규모점포
영업/정상,서울특별시 강동구 고덕로 276 이마트 명일점,신세계 이마트 명일점,대형마트,213700.8777,450278.1009,생활/편의,대형마트
영업/정상,서울특별시 강동구 고덕로27길 15-26,양지종합시장,시장,212082.0142,450348.7936,생활/편의,시장
영업/정상,"서울특별시 강동구 풍성로38길 9, 바로빌딩 1층 (성내동)",GS THE FRESH 강동성내점,구분없음,211027.5118,447708.2206,생활/편의,슈퍼마켓
영업/정상,서울특별시 강남구 도산대로 442 (청담동),하우스오브신세계 청담,백화점,203789.5881,446796.1283,생활/편의,백화점
영업/정상,"서울특별시 동작구 노들로2길 7, 노량진 드림스퀘어 복합빌딩 (노량진동)",노량진 드림스퀘어,그 밖의 대규모점포,194571.1524,445790.5499,생활/편의,그 밖의 대규모점포
영업/정상,서울특별시 은평구 통일로 850 (불광동),연서시장,그 밖의 대규모점포,193042.5193,457459.368,생활/편의,시장
영업/정상,"서울특별시 중랑구 중랑천로 200, 102,105,404호 (중화동, 리버센 SK VIEW 롯데캐슬)",이마트에브리데이 중화리버센SK점,대형마트,206612.1988,455630.4254,생활/편의,대형마트
영업/정상,서울특별시 강동구 진황도로 165 (둔촌동),롯데슈퍼 강동둔촌점,구분없음,212502.0584,447693.2204,생활/편의,슈퍼마켓
영업/정상,서울특별시 송파구 가락로 183 (송파동),한화 송파지점,그 밖의 대규모점포,210057.9121,444767.3676,생활/편의,그 밖의 대규모점포
영업/정상,"서울특별시 동대문구 장한로28가길 45, 희헌빌딩 (장안동)",GS THE FRESH 동대문장안점,구분없음,206341.5388,452530.0188,생활/편의,슈퍼마켓
영업/정상,"서울특별시 도봉구 도봉로150마길 34, 지하1층 B107~B126호 (방학동, 도봉 롯데캐슬 골든파크)",롯데슈퍼 도봉캐슬점,구분없음,203920.444,462830.4849,생활/편의,슈퍼마켓
영업/정상,서울특별시 도봉구 방학로 223 (방학동),롯데슈퍼 방학점,구분없음,202326.1758,462116.4086,생활/편의,슈퍼마켓
영업/정상,서울특별시 도봉구 도당로 10 (쌍문동),롯데슈퍼 쌍문점,쇼핑센터,203048.6693,461867.6479,생활/편의,쇼핑센터
영업/정상,서울특별시 은평구 통일로 842 (불광동),롯데쇼핑(주)롯데슈퍼범서점,그 밖의 대규모점포,193035.2791,457365.9117,생활/편의,그 밖의 대규모점포
영업/정상,"서울특별시 서대문구 신촌로 13, 아륭빌딩 (창천동)",롯데슈퍼 창천점,구분없음,193624.0149,450696.745,생활/편의,슈퍼마켓
영업/정상,"서울특별시 서대문구 거북골로 120(남가좌동, DMC센트레빌)",롯데슈퍼 남가좌점,복합쇼핑몰,192480.0294,452634.5577,생활/편의,복합쇼핑몰
영업/정상,서울특별시 성북구 월계로40길 7 (장위동),롯데슈퍼 장위점,구분없음,204208.6312,457844.348,생활/편의,슈퍼마켓
영업/정상,서울특별시 성북구 정릉로 307 (정릉동),롯데슈퍼 정릉점,구분없음,201548.4956,455659.8179,생활/편의,슈퍼마켓
영업/정상,"서울특별시 마포구 마포대로 109 (공덕동, 롯데캐슬프레지던트)",롯데프리미엄푸드마켓 공덕점,구분없음,195564.3758,449186.9333,생활/편의,슈퍼마켓
영업/정상,서울특별시 마포구 큰우물로 3 (대흥동),롯데슈퍼 대흥점,복합쇼핑몰,194648.7593,449239.3147,생활/편의,복합쇼핑몰
영업/정상,"서울특별시 노원구 공릉로 144 (공릉동, 공릉빌딩)",롯데쇼핑(주) 롯데슈퍼공릉점,구분없음,206952.4441,457814.5296,생활/편의,슈퍼마켓
영업/정상,서울특별시 동대문구 이문로 120 (이문동),GS THE FRESH 이문파크자이점,구분없음,205541.2119,455132.6051,생활/편의,슈퍼마켓
영업/정상,서울특별시 강서구 방화대로34길 83 (방화동),롯데쇼핑(주)롯데슈퍼 방화점,구분없음,184102.7825,452097.3701,생활/편의,슈퍼마켓
영업/정상,"서울특별시 서초구 서초대로38길 12 (서초동, 마제스타시티, 힐스테이트 서리풀)",롯데쇼핑(주) 롯데마트 서초점,복합쇼핑몰,200440.0108,443124.6714,생활/편의,복합쇼핑몰
영업/정상,서울특별시 강서구 강서로 43 (화곡동),롯데쇼핑(주)롯데슈퍼화곡점,구분없음,186366.0134,447719.8367,생활/편의,슈퍼마켓
영업/정상,서울특별시 강북구 삼양로 247 (미아동),롯데쇼핑(주) 롯데마트 삼양점,복합쇼핑몰,201494.6273,458136.3423,생활/편의,복합쇼핑몰
영업/정상,서울특별시 강북구 도봉로 62 (미아동),롯데백화점 미아점,복합쇼핑몰,202625.6463,456875.974,생활/편의,복합쇼핑몰
영업/정상,서울특별시 중구 남대문로 81 (소공동),롯데백화점 본점,백화점,198259.6536,451392.1982,생활/편의,백화점
영업/정상,"서울특별시 송파구 가락로 183, 1층 6,7호 (송파동)",롯데쇼핑(주)롯데슈퍼송파점,구분없음,210057.9121,444767.3676,생활/편의,슈퍼마켓
영업/정상,서울특별시  봉천로 209,롯데쇼핑(주) 관악점,복합쇼핑몰,193301.8858,443151.5613,생활/편의,복합쇼핑몰
영업/정상,서울특별시 종로구 종로 272 (종로6가),동대문종합시장 신관,복합쇼핑몰,200647.0133,452054.7649,생활/편의,복합쇼핑몰
영업/정상,서울특별시 영등포구 신길로 41 (대림동),썬프라자,쇼핑센터,191800.7282,443809.7739,생활/편의,쇼핑센터
영업/정상,서울특별시 동대문구 한천로46길 42 (장안동),롯데쇼핑(주) 롯데슈퍼 장안점,복합쇼핑몰,206176.1786,453248.0972,생활/편의,복합쇼핑몰
영업/정상,서울특별시 송파구 석촌호수로 61 (잠실동),롯데쇼핑(주)롯데슈퍼잠실3동점,구분없음,207553.9182,445383.338,생활/편의,슈퍼마켓
영업/정상,서울특별시 송파구 올림픽로 111 (잠실동),롯데쇼핑(주)롯데슈퍼신천점,구분없음,207270.219,445550.2772,생활/편의,슈퍼마켓
영업/정상,"서울특별시 송파구 올림픽로 300, 롯데월드타워앤드롯데월드몰 (신천동)",롯데쇼핑(주) 롯데마트 월드타워점,대형마트,209074.9008,445657.8093,생활/편의,대형마트
영업/정상,서울특별시 중구 청파로 426 (봉래동2가),롯데쇼핑(주)롯데마트 제타플렉스 서울역점,대형마트,197242.9948,450658.9479,생활/편의,대형마트
영업/정상,"서울특별시 서초구 잠원로 37-6 (잠원동, 뉴코아백화점빌딩)",뉴코아백화점,백화점,200367.985,445207.6635,생활/편의,백화점
영업/정상,서울특별시 광진구 광나루로56길 85 (구의동),롯데쇼핑(주)롯데마트 강변점,대형마트,208394.4164,448165.28,생활/편의,대형마트
영업/정상,"서울특별시 서초구 잠원로 51, 뉴코아백화점 (잠원동)",(주)이랜드리테일 강남점,대형마트,200576.6086,445241.8984,생활/편의,대형마트
영업/정상,"서울특별시 금천구 두산로 71, 롯데마트 맥스 금천점 (독산동)",롯데쇼핑(주) 롯데마트맥스 금천점,복합쇼핑몰,190704.9043,440940.3844,생활/편의,복합쇼핑몰
영업/정상,서울특별시 영등포구 양평로 47 (당산동5가),이랜드리테일 당산점,그 밖의 대규모점포,191177.5845,447965.6455,생활/편의,그 밖의 대규모점포
영업/정상,서울특별시 송파구 올림픽로 203 (잠실동),잠실중앙상가,그 밖의 대규모점포,208187.6235,445589.7186,생활/편의,그 밖의 대규모점포